holeCards,commCards,Key,Value
"['D2', 'C2']","['S9', 'S8', 'DJ']",1100_22_2210_J9822,0.3664
"['D2', 'C2']","['S9', 'S8', 'DK']",1100_22_2210_K9822,0.4291
"['D2', 'C2']","['S9', 'S8', 'S3']",1100_22_3110_98322,0.3322
"['D2', 'C2']","['S9', 'S8', 'S2']",1100_22_3110_98222,0.7966
"['D2', 'C2']","['S9', 'S8', 'HQ']",1100_22_2111_Q9822,0.3897
"['D2', 'C2']","['S9', 'S8', 'S7']",1100_22_3110_98722,0.2731
"['D2', 'C2']","['S9', 'S8', 'S6']",1100_22_3110_98622,0.2933
"['D2', 'C2']","['S9', 'S8', 'S5']",1100_22_3110_98522,0.3065
"['D2', 'C2']","['S9', 'S8', 'S4']",1100_22_3110_98422,0.3376
"['D2', 'C2']","['S9', 'S8', 'HJ']",1100_22_2111_J9822,0.3687
"['D2', 'C2']","['S9', 'S8', 'HK']",1100_22_2111_K9822,0.4127
"['D2', 'C2']","['S9', 'S8', 'DT']",1100_22_2210_T9822,0.3284
"['D2', 'C2']","['S9', 'S8', 'HA']",1100_22_2111_A9822,0.4117
"['D2', 'C2']","['S9', 'S8', 'DQ']",1100_22_2210_Q9822,0.3877
"['D2', 'C2']","['S9', 'S8', 'C9']",1100_22_2210_99822,0.4146
"['D2', 'C2']","['S9', 'S8', 'C8']",1100_22_2210_98822,0.4158
"['D2', 'C2']","['S9', 'S8', 'H5']",1100_22_2111_98522,0.38
"['D2', 'C2']","['S9', 'S8', 'C3']",1100_22_2210_98322,0.4217
"['D2', 'C2']","['S9', 'S8', 'C7']",1100_22_2210_98722,0.3408
"['D2', 'C2']","['S9', 'S8', 'C6']",1100_22_2210_98622,0.3663
"['D2', 'C2']","['S9', 'S8', 'C5']",1100_22_2210_98522,0.3884
"['D2', 'C2']","['S9', 'S8', 'C4']",1100_22_2210_98422,0.4253
"['D2', 'C2']","['S9', 'S8', 'CA']",1100_22_2210_A9822,0.4275
"['D2', 'C2']","['S9', 'S8', 'HT']",1100_22_2111_T9822,0.3464
"['D2', 'C2']","['S9', 'S8', 'H8']",1100_22_2111_98822,0.4128
"['D2', 'C2']","['S9', 'S8', 'H9']",1100_22_2111_99822,0.4214
"['D2', 'C2']","['S9', 'S8', 'H2']",1100_22_2111_98222,0.9092
"['D2', 'C2']","['S9', 'S8', 'H3']",1100_22_2111_98322,0.4232
"['D2', 'C2']","['S9', 'S8', 'SQ']",1100_22_3110_Q9822,0.3176
"['D2', 'C2']","['S9', 'S8', 'H6']",1100_22_2111_98622,0.362
"['D2', 'C2']","['S9', 'S8', 'H7']",1100_22_2111_98722,0.342
"['D2', 'C2']","['S9', 'S8', 'H4']",1100_22_2111_98422,0.4295
"['D2', 'C2']","['S9', 'S8', 'ST']",1100_22_3110_T9822,0.2683
"['D2', 'C2']","['S9', 'S8', 'SK']",1100_22_3110_K9822,0.3333
"['D2', 'C2']","['S9', 'S8', 'SJ']",1100_22_3110_J9822,0.2977
"['D2', 'C2']","['S9', 'S8', 'SA']",1100_22_3110_A9822,0.3335
"['D2', 'C2']","['S9', 'DJ', 'DK']",1100_22_3110_KJ922,0.4244
"['D2', 'C2']","['S9', 'DJ', 'S3']",1100_22_2210_J9322,0.4257
"['D2', 'C2']","['S9', 'DJ', 'S2']",1100_22_2210_J9222,0.9211
"['D2', 'C2']","['S9', 'DJ', 'HQ']",1100_22_2111_QJ922,0.3993
"['D2', 'C2']","['S9', 'DJ', 'S7']",1100_22_2210_J9722,0.3985
"['D2', 'C2']","['S9', 'DJ', 'S6']",1100_22_2210_J9622,0.4183
"['D2', 'C2']","['S9', 'DJ', 'S5']",1100_22_2210_J9522,0.4245
"['D2', 'C2']","['S9', 'DJ', 'S4']",1100_22_2210_J9422,0.4196
"['D2', 'C2']","['S9', 'DJ', 'HJ']",1100_22_2111_JJ922,0.4449
"['D2', 'C2']","['S9', 'DJ', 'HK']",1100_22_2111_KJ922,0.4157
"['D2', 'C2']","['S9', 'DJ', 'DT']",1100_22_3110_JT922,0.369
"['D2', 'C2']","['S9', 'DJ', 'HA']",1100_22_2111_AJ922,0.4422
"['D2', 'C2']","['S9', 'DJ', 'DQ']",1100_22_3110_QJ922,0.3833
"['D2', 'C2']","['S9', 'DJ', 'C9']",1100_22_2210_J9922,0.4398
"['D2', 'C2']","['S9', 'DJ', 'H5']",1100_22_2111_J9522,0.4304
"['D2', 'C2']","['S9', 'DJ', 'CK']",1100_22_2210_KJ922,0.4168
"['D2', 'C2']","['S9', 'DJ', 'CJ']",1100_22_2210_JJ922,0.4362
"['D2', 'C2']","['S9', 'DJ', 'CA']",1100_22_2210_AJ922,0.4447
"['D2', 'C2']","['S9', 'DJ', 'HT']",1100_22_2111_JT922,0.3586
"['D2', 'C2']","['S9', 'DJ', 'CQ']",1100_22_2210_QJ922,0.3913
"['D2', 'C2']","['S9', 'DJ', 'DA']",1100_22_3110_AJ922,0.45
"['D2', 'C2']","['S9', 'DJ', 'D4']",1100_22_3110_J9422,0.4408
"['D2', 'C2']","['S9', 'DJ', 'CT']",1100_22_2210_JT922,0.353
"['D2', 'C2']","['S9', 'DJ', 'H9']",1100_22_2111_J9922,0.4351
"['D2', 'C2']","['S9', 'DJ', 'H2']",1100_22_2111_J9222,0.945
"['D2', 'C2']","['S9', 'DJ', 'H3']",1100_22_2111_J9322,0.4383
"['D2', 'C2']","['S9', 'DJ', 'H6']",1100_22_2111_J9622,0.4463
"['D2', 'C2']","['S9', 'DJ', 'H7']",1100_22_2111_J9722,0.4085
"['D2', 'C2']","['S9', 'DJ', 'H4']",1100_22_2111_J9422,0.4486
"['D2', 'C2']","['S9', 'DJ', 'D9']",1100_22_3110_J9922,0.4411
"['D2', 'C2']","['S9', 'DJ', 'D6']",1100_22_3110_J9622,0.4376
"['D2', 'C2']","['S9', 'DJ', 'D7']",1100_22_3110_J9722,0.4046
"['D2', 'C2']","['S9', 'DJ', 'D5']",1100_22_3110_J9522,0.4407
"['D2', 'C2']","['S9', 'DJ', 'D3']",1100_22_3110_J9322,0.441
"['D2', 'C2']","['S9', 'DK', 'S3']",1100_22_2210_K9322,0.4356
"['D2', 'C2']","['S9', 'DK', 'S2']",1100_22_2210_K9222,0.9333
"['D2', 'C2']","['S9', 'DK', 'HQ']",1100_22_2111_KQ922,0.4217
"['D2', 'C2']","['S9', 'DK', 'S7']",1100_22_2210_K9722,0.4216
"['D2', 'C2']","['S9', 'DK', 'S6']",1100_22_2210_K9622,0.4192
"['D2', 'C2']","['S9', 'DK', 'S5']",1100_22_2210_K9522,0.4295
"['D2', 'C2']","['S9', 'DK', 'S4']",1100_22_2210_K9422,0.4397
"['D2', 'C2']","['S9', 'DK', 'HK']",1100_22_2111_KK922,0.4645
"['D2', 'C2']","['S9', 'DK', 'DT']",1100_22_3110_KT922,0.4075
"['D2', 'C2']","['S9', 'DK', 'HA']",1100_22_2111_AK922,0.4544
"['D2', 'C2']","['S9', 'DK', 'DQ']",1100_22_3110_KQ922,0.4434
"['D2', 'C2']","['S9', 'DK', 'C9']",1100_22_2210_K9922,0.4582
"['D2', 'C2']","['S9', 'DK', 'H5']",1100_22_2111_K9522,0.4418
"['D2', 'C2']","['S9', 'DK', 'CK']",1100_22_2210_KK922,0.4494
"['D2', 'C2']","['S9', 'DK', 'CA']",1100_22_2210_AK922,0.455
"['D2', 'C2']","['S9', 'DK', 'HT']",1100_22_2111_KT922,0.4017
"['D2', 'C2']","['S9', 'DK', 'CQ']",1100_22_2210_KQ922,0.4268
"['D2', 'C2']","['S9', 'DK', 'DA']",1100_22_3110_AK922,0.4649
"['D2', 'C2']","['S9', 'DK', 'D4']",1100_22_3110_K9422,0.463
"['D2', 'C2']","['S9', 'DK', 'CT']",1100_22_2210_KT922,0.4048
"['D2', 'C2']","['S9', 'DK', 'H9']",1100_22_2111_K9922,0.4568
"['D2', 'C2']","['S9', 'DK', 'H2']",1100_22_2111_K9222,0.9597
"['D2', 'C2']","['S9', 'DK', 'H3']",1100_22_2111_K9322,0.4678
"['D2', 'C2']","['S9', 'DK', 'H6']",1100_22_2111_K9622,0.4485
"['D2', 'C2']","['S9', 'DK', 'H7']",1100_22_2111_K9722,0.4325
"['D2', 'C2']","['S9', 'DK', 'H4']",1100_22_2111_K9422,0.4495
"['D2', 'C2']","['S9', 'DK', 'D9']",1100_22_3110_K9922,0.4525
"['D2', 'C2']","['S9', 'DK', 'D6']",1100_22_3110_K9622,0.4539
"['D2', 'C2']","['S9', 'DK', 'D7']",1100_22_3110_K9722,0.44
"['D2', 'C2']","['S9', 'DK', 'D5']",1100_22_3110_K9522,0.463
"['D2', 'C2']","['S9', 'DK', 'D3']",1100_22_3110_K9322,0.4658
"['D2', 'C2']","['S9', 'S3', 'S2']",1100_22_3110_93222,0.8233
"['D2', 'C2']","['S9', 'S3', 'HQ']",1100_22_2111_Q9322,0.4343
"['D2', 'C2']","['S9', 'S3', 'S7']",1100_22_3110_97322,0.3373
"['D2', 'C2']","['S9', 'S3', 'S6']",1100_22_3110_96322,0.3537
"['D2', 'C2']","['S9', 'S3', 'S5']",1100_22_3110_95322,0.3448
"['D2', 'C2']","['S9', 'S3', 'S4']",1100_22_3110_94322,0.3475
"['D2', 'C2']","['S9', 'S3', 'DT']",1100_22_2210_T9322,0.407
"['D2', 'C2']","['S9', 'S3', 'HA']",1100_22_2111_A9322,0.446
"['D2', 'C2']","['S9', 'S3', 'DQ']",1100_22_2210_Q9322,0.4302
"['D2', 'C2']","['S9', 'S3', 'C9']",1100_22_2210_99322,0.4453
"['D2', 'C2']","['S9', 'S3', 'H5']",1100_22_2111_95322,0.442
"['D2', 'C2']","['S9', 'S3', 'C3']",1100_22_2210_93322,0.4465
"['D2', 'C2']","['S9', 'S3', 'C7']",1100_22_2210_97322,0.4183
"['D2', 'C2']","['S9', 'S3', 'C6']",1100_22_2210_96322,0.4234
"['D2', 'C2']","['S9', 'S3', 'C5']",1100_22_2210_95322,0.4275
"['D2', 'C2']","['S9', 'S3', 'C4']",1100_22_2210_94322,0.4493
"['D2', 'C2']","['S9', 'S3', 'CA']",1100_22_2210_A9322,0.4444
"['D2', 'C2']","['S9', 'S3', 'HT']",1100_22_2111_T9322,0.4139
"['D2', 'C2']","['S9', 'S3', 'H9']",1100_22_2111_99322,0.4545
"['D2', 'C2']","['S9', 'S3', 'H2']",1100_22_2111_93222,0.9357
"['D2', 'C2']","['S9', 'S3', 'H3']",1100_22_2111_93322,0.4334
"['D2', 'C2']","['S9', 'S3', 'SQ']",1100_22_3110_Q9322,0.3587
"['D2', 'C2']","['S9', 'S3', 'H6']",1100_22_2111_96322,0.4274
"['D2', 'C2']","['S9', 'S3', 'H7']",1100_22_2111_97322,0.4152
"['D2', 'C2']","['S9', 'S3', 'H4']",1100_22_2111_94322,0.4405
"['D2', 'C2']","['S9', 'S3', 'ST']",1100_22_3110_T9322,0.3378
"['D2', 'C2']","['S9', 'S3', 'SA']",1100_22_3110_A9322,0.3604
"['D2', 'C2']","['S9', 'S2', 'HQ']",1100_22_2111_Q9222,0.9247
"['D2', 'C2']","['S9', 'S2', 'S7']",1100_22_3110_97222,0.8047
"['D2', 'C2']","['S9', 'S2', 'S6']",1100_22_3110_96222,0.8107
"['D2', 'C2']","['S9', 'S2', 'S5']",1100_22_3110_95222,0.8154
"['D2', 'C2']","['S9', 'S2', 'S4']",1100_22_3110_94222,0.8183
"['D2', 'C2']","['S9', 'S2', 'DT']",1100_22_2210_T9222,0.9116
"['D2', 'C2']","['S9', 'S2', 'HA']",1100_22_2111_A9222,0.9448
"['D2', 'C2']","['S9', 'S2', 'DQ']",1100_22_2210_Q9222,0.9303
"['D2', 'C2']","['S9', 'S2', 'C9']",1100_22_2210_99222,0.9478
"['D2', 'C2']","['S9', 'S2', 'C8']",1100_22_2210_98222,0.9128
"['D2', 'C2']","['S9', 'S2', 'H5']",1100_22_2111_95222,0.9265
"['D2', 'C2']","['S9', 'S2', 'C3']",1100_22_2210_93222,0.9346
"['D2', 'C2']","['S9', 'S2', 'C7']",1100_22_2210_97222,0.9208
"['D2', 'C2']","['S9', 'S2', 'C6']",1100_22_2210_96222,0.9157
"['D2', 'C2']","['S9', 'S2', 'C5']",1100_22_2210_95222,0.9274
"['D2', 'C2']","['S9', 'S2', 'C4']",1100_22_2210_94222,0.9361
"['D2', 'C2']","['S9', 'S2', 'CA']",1100_22_2210_A9222,0.9499
"['D2', 'C2']","['S9', 'S2', 'HT']",1100_22_2111_T9222,0.9084
"['D2', 'C2']","['S9', 'S2', 'H9']",1100_22_2111_99222,0.9484
"['D2', 'C2']","['S9', 'S2', 'H2']",1100_22_2111_92222,0.9998
"['D2', 'C2']","['S9', 'S2', 'SQ']",1100_22_3110_Q9222,0.8133
"['D2', 'C2']","['S9', 'S2', 'H6']",1100_22_2111_96222,0.9172
"['D2', 'C2']","['S9', 'S2', 'H7']",1100_22_2111_97222,0.9192
"['D2', 'C2']","['S9', 'S2', 'H4']",1100_22_2111_94222,0.9344
"['D2', 'C2']","['S9', 'S2', 'ST']",1100_22_3110_T9222,0.7974
"['D2', 'C2']","['S9', 'S2', 'SK']",1100_22_3110_K9222,0.8267
"['D2', 'C2']","['S9', 'S2', 'SJ']",1100_22_3110_J9222,0.8076
"['D2', 'C2']","['S9', 'S2', 'SA']",1100_22_3110_A9222,0.828
"['D2', 'C2']","['S9', 'HQ', 'S7']",1100_22_2111_Q9722,0.4151
"['D2', 'C2']","['S9', 'HQ', 'S6']",1100_22_2111_Q9622,0.4154
"['D2', 'C2']","['S9', 'HQ', 'S5']",1100_22_2111_Q9522,0.4194
"['D2', 'C2']","['S9', 'HQ', 'S4']",1100_22_2111_Q9422,0.4418
"['D2', 'C2']","['S9', 'HQ', 'DT']",1100_22_2111_QT922,0.3837
"['D2', 'C2']","['S9', 'HQ', 'HA']",1100_22_2111_AQ922,0.4317
"['D2', 'C2']","['S9', 'HQ', 'DQ']",1100_22_2111_QQ922,0.4499
"['D2', 'C2']","['S9', 'HQ', 'C9']",1100_22_2111_Q9922,0.4459
"['D2', 'C2']","['S9', 'S7', 'S6']",1100_22_3110_97622,0.2948
"['D2', 'C2']","['S9', 'S7', 'S5']",1100_22_3110_97522,0.3187
"['D2', 'C2']","['S9', 'S7', 'S4']",1100_22_3110_97422,0.3448
"['D2', 'C2']","['S9', 'S7', 'DT']",1100_22_2210_T9722,0.3572
"['D2', 'C2']","['S9', 'S7', 'HA']",1100_22_2111_A9722,0.4189
"['D2', 'C2']","['S9', 'S7', 'DQ']",1100_22_2210_Q9722,0.4208
"['D2', 'C2']","['S9', 'S7', 'C9']",1100_22_2210_99722,0.4235
"['D2', 'C2']","['S9', 'S7', 'H5']",1100_22_2111_97522,0.3906
"['D2', 'C2']","['S9', 'S7', 'C7']",1100_22_2210_97722,0.4212
"['D2', 'C2']","['S9', 'S7', 'C6']",1100_22_2210_97622,0.3684
"['D2', 'C2']","['S9', 'S7', 'C5']",1100_22_2210_97522,0.3951
"['D2', 'C2']","['S9', 'S7', 'C4']",1100_22_2210_97422,0.4173
"['D2', 'C2']","['S9', 'S7', 'CA']",1100_22_2210_A9722,0.4242
"['D2', 'C2']","['S9', 'S7', 'HT']",1100_22_2111_T9722,0.367
"['D2', 'C2']","['S9', 'S7', 'H9']",1100_22_2111_99722,0.4282
"['D2', 'C2']","['S9', 'S7', 'SQ']",1100_22_3110_Q9722,0.3341
"['D2', 'C2']","['S9', 'S7', 'H6']",1100_22_2111_97622,0.3582
"['D2', 'C2']","['S9', 'S7', 'H7']",1100_22_2111_97722,0.4191
"['D2', 'C2']","['S9', 'S7', 'H4']",1100_22_2111_97422,0.4257
"['D2', 'C2']","['S9', 'S7', 'ST']",1100_22_3110_T9722,0.293
"['D2', 'C2']","['S9', 'S7', 'SA']",1100_22_3110_A9722,0.3402
"['D2', 'C2']","['S9', 'S6', 'S5']",1100_22_3110_96522,0.3224
"['D2', 'C2']","['S9', 'S6', 'S4']",1100_22_3110_96422,0.3461
"['D2', 'C2']","['S9', 'S6', 'DT']",1100_22_2210_T9622,0.3871
"['D2', 'C2']","['S9', 'S6', 'HA']",1100_22_2111_A9622,0.4354
"['D2', 'C2']","['S9', 'S6', 'DQ']",1100_22_2210_Q9622,0.4282
"['D2', 'C2']","['S9', 'S6', 'C9']",1100_22_2210_99622,0.4285
"['D2', 'C2']","['S9', 'S6', 'H5']",1100_22_2111_96522,0.394
"['D2', 'C2']","['S9', 'S6', 'C6']",1100_22_2210_96622,0.4288
"['D2', 'C2']","['S9', 'S6', 'C5']",1100_22_2210_96522,0.3993
"['D2', 'C2']","['S9', 'S6', 'C4']",1100_22_2210_96422,0.4226
"['D2', 'C2']","['S9', 'S6', 'CA']",1100_22_2210_A9622,0.4287
"['D2', 'C2']","['S9', 'S6', 'HT']",1100_22_2111_T9622,0.3928
"['D2', 'C2']","['S9', 'S6', 'H9']",1100_22_2111_99622,0.4326
"['D2', 'C2']","['S9', 'S6', 'SQ']",1100_22_3110_Q9622,0.3411
"['D2', 'C2']","['S9', 'S6', 'H6']",1100_22_2111_96622,0.4321
"['D2', 'C2']","['S9', 'S6', 'H4']",1100_22_2111_96422,0.4265
"['D2', 'C2']","['S9', 'S6', 'ST']",1100_22_3110_T9622,0.3195
"['D2', 'C2']","['S9', 'S6', 'SA']",1100_22_3110_A9622,0.3425
"['D2', 'C2']","['S9', 'S5', 'S4']",1100_22_3110_95422,0.3531
"['D2', 'C2']","['S9', 'S5', 'DT']",1100_22_2210_T9522,0.4168
"['D2', 'C2']","['S9', 'S5', 'HA']",1100_22_2111_A9522,0.4409
"['D2', 'C2']","['S9', 'S5', 'DQ']",1100_22_2210_Q9522,0.4153
"['D2', 'C2']","['S9', 'S5', 'C9']",1100_22_2210_99522,0.4406
"['D2', 'C2']","['S9', 'S5', 'H5']",1100_22_2111_95522,0.4325
"['D2', 'C2']","['S9', 'S5', 'C5']",1100_22_2210_95522,0.4338
"['D2', 'C2']","['S9', 'S5', 'C4']",1100_22_2210_95422,0.4355
"['D2', 'C2']","['S9', 'S5', 'CA']",1100_22_2210_A9522,0.4362
"['D2', 'C2']","['S9', 'S5', 'HT']",1100_22_2111_T9522,0.4161
"['D2', 'C2']","['S9', 'S5', 'H9']",1100_22_2111_99522,0.4367
"['D2', 'C2']","['S9', 'S5', 'SQ']",1100_22_3110_Q9522,0.3431
"['D2', 'C2']","['S9', 'S5', 'H4']",1100_22_2111_95422,0.4386
"['D2', 'C2']","['S9', 'S5', 'ST']",1100_22_3110_T9522,0.3333
"['D2', 'C2']","['S9', 'S5', 'SA']",1100_22_3110_A9522,0.3557
"['D2', 'C2']","['S9', 'S4', 'DT']",1100_22_2210_T9422,0.4232
"['D2', 'C2']","['S9', 'S4', 'HA']",1100_22_2111_A9422,0.451
"['D2', 'C2']","['S9', 'S4', 'DQ']",1100_22_2210_Q9422,0.4252
"['D2', 'C2']","['S9', 'S4', 'C9']",1100_22_2210_99422,0.4418
"['D2', 'C2']","['S9', 'S4', 'C4']",1100_22_2210_94422,0.4369
"['D2', 'C2']","['S9', 'S4', 'CA']",1100_22_2210_A9422,0.4471
"['D2', 'C2']","['S9', 'S4', 'HT']",1100_22_2111_T9422,0.4245
"['D2', 'C2']","['S9', 'S4', 'H9']",1100_22_2111_99422,0.4355
"['D2', 'C2']","['S9', 'S4', 'SQ']",1100_22_3110_Q9422,0.3452
"['D2', 'C2']","['S9', 'S4', 'H4']",1100_22_2111_94422,0.4414
"['D2', 'C2']","['S9', 'S4', 'ST']",1100_22_3110_T9422,0.3396
"['D2', 'C2']","['S9', 'S4', 'SA']",1100_22_3110_A9422,0.3579
"['D2', 'C2']","['S9', 'DT', 'HA']",1100_22_2111_AT922,0.4416
"['D2', 'C2']","['S9', 'DT', 'DQ']",1100_22_3110_QT922,0.391
"['D2', 'C2']","['S9', 'DT', 'C9']",1100_22_2210_T9922,0.4371
"['D2', 'C2']","['S9', 'DT', 'CA']",1100_22_2210_AT922,0.4383
"['D2', 'C2']","['S9', 'DT', 'HT']",1100_22_2111_TT922,0.4331
"['D2', 'C2']","['S9', 'DT', 'CQ']",1100_22_2210_QT922,0.3896
"['D2', 'C2']","['S9', 'DT', 'DA']",1100_22_3110_AT922,0.4414
"['D2', 'C2']","['S9', 'DT', 'CT']",1100_22_2210_TT922,0.4274
"['D2', 'C2']","['S9', 'DT', 'H9']",1100_22_2111_T9922,0.4387
"['D2', 'C2']","['S9', 'DT', 'D9']",1100_22_3110_T9922,0.4418
"['D2', 'C2']","['S9', 'HA', 'C9']",1100_22_2111_A9922,0.4545
"['D2', 'C2']","['S9', 'HA', 'CA']",1100_22_2111_AA922,0.4621
"['D2', 'C2']","['S9', 'DQ', 'C9']",1100_22_2210_Q9922,0.4478
"['D2', 'C2']","['S9', 'DQ', 'CA']",1100_22_2210_AQ922,0.4617
"['D2', 'C2']","['S9', 'DQ', 'CQ']",1100_22_2210_QQ922,0.4466
"['D2', 'C2']","['S9', 'DQ', 'DA']",1100_22_3110_AQ922,0.4514
"['D2', 'C2']","['S9', 'DQ', 'D9']",1100_22_3110_Q9922,0.4554
"['D2', 'C2']","['S9', 'C9', 'C8']",1100_22_3110_99822,0.431
"['D2', 'C2']","['S9', 'C9', 'C3']",1100_22_3110_99322,0.4675
"['D2', 'C2']","['S9', 'C9', 'C7']",1100_22_3110_99722,0.4415
"['D2', 'C2']","['S9', 'C9', 'C6']",1100_22_3110_99622,0.4488
"['D2', 'C2']","['S9', 'C9', 'C5']",1100_22_3110_99522,0.4625
"['D2', 'C2']","['S9', 'C9', 'C4']",1100_22_3110_99422,0.4582
"['D2', 'C2']","['S9', 'C9', 'CA']",1100_22_3110_A9922,0.466
"['D2', 'C2']","['S9', 'C9', 'DA']",1100_22_2210_A9922,0.4621
"['D2', 'C2']","['S9', 'C9', 'H9']",1100_22_2111_99922,0.5992
"['D2', 'C2']","['S9', 'C9', 'D9']",1100_22_2210_99922,0.5889
"['D2', 'C2']","['S9', 'CA', 'DA']",1100_22_2210_AA922,0.4651
"['D2', 'C2']","['S8', 'DJ', 'DK']",1100_22_3110_KJ822,0.4501
"['D2', 'C2']","['S8', 'DJ', 'S3']",1100_22_2210_J8322,0.4422
"['D2', 'C2']","['S8', 'DJ', 'S2']",1100_22_2210_J8222,0.9251
"['D2', 'C2']","['S8', 'DJ', 'HQ']",1100_22_2111_QJ822,0.4207
"['D2', 'C2']","['S8', 'DJ', 'S7']",1100_22_2210_J8722,0.392
"['D2', 'C2']","['S8', 'DJ', 'S6']",1100_22_2210_J8622,0.4113
"['D2', 'C2']","['S8', 'DJ', 'S5']",1100_22_2210_J8522,0.4199
"['D2', 'C2']","['S8', 'DJ', 'S4']",1100_22_2210_J8422,0.4214
"['D2', 'C2']","['S8', 'DJ', 'HJ']",1100_22_2111_JJ822,0.4475
"['D2', 'C2']","['S8', 'DJ', 'HK']",1100_22_2111_KJ822,0.4432
"['D2', 'C2']","['S8', 'DJ', 'DT']",1100_22_3110_JT822,0.3851
"['D2', 'C2']","['S8', 'DJ', 'HA']",1100_22_2111_AJ822,0.4462
"['D2', 'C2']","['S8', 'DJ', 'DQ']",1100_22_3110_QJ822,0.4284
"['D2', 'C2']","['S8', 'DJ', 'C8']",1100_22_2210_J8822,0.4551
"['D2', 'C2']","['S8', 'DJ', 'H5']",1100_22_2111_J8522,0.4361
"['D2', 'C2']","['S8', 'DJ', 'CK']",1100_22_2210_KJ822,0.4405
"['D2', 'C2']","['S8', 'DJ', 'CJ']",1100_22_2210_JJ822,0.4501
"['D2', 'C2']","['S8', 'DJ', 'CA']",1100_22_2210_AJ822,0.4429
"['D2', 'C2']","['S8', 'DJ', 'HT']",1100_22_2111_JT822,0.3806
"['D2', 'C2']","['S8', 'DJ', 'CQ']",1100_22_2210_QJ822,0.4076
"['D2', 'C2']","['S8', 'DJ', 'DA']",1100_22_3110_AJ822,0.4492
"['D2', 'C2']","['S8', 'DJ', 'D4']",1100_22_3110_J8422,0.4524
"['D2', 'C2']","['S8', 'DJ', 'CT']",1100_22_2210_JT822,0.3831
"['D2', 'C2']","['S8', 'DJ', 'H8']",1100_22_2111_J8822,0.445
"['D2', 'C2']","['S8', 'DJ', 'H2']",1100_22_2111_J8222,0.9503
"['D2', 'C2']","['S8', 'DJ', 'H3']",1100_22_2111_J8322,0.4469
"['D2', 'C2']","['S8', 'DJ', 'H6']",1100_22_2111_J8622,0.4288
"['D2', 'C2']","['S8', 'DJ', 'H7']",1100_22_2111_J8722,0.4101
"['D2', 'C2']","['S8', 'DJ', 'H4']",1100_22_2111_J8422,0.4404
"['D2', 'C2']","['S8', 'DJ', 'D8']",1100_22_3110_J8822,0.4553
"['D2', 'C2']","['S8', 'DJ', 'D6']",1100_22_3110_J8622,0.4419
"['D2', 'C2']","['S8', 'DJ', 'D7']",1100_22_3110_J8722,0.4102
"['D2', 'C2']","['S8', 'DJ', 'D5']",1100_22_3110_J8522,0.4389
"['D2', 'C2']","['S8', 'DJ', 'D3']",1100_22_3110_J8322,0.4572
"['D2', 'C2']","['S8', 'DK', 'S3']",1100_22_2210_K8322,0.4459
"['D2', 'C2']","['S8', 'DK', 'S2']",1100_22_2210_K8222,0.9439
"['D2', 'C2']","['S8', 'DK', 'HQ']",1100_22_2111_KQ822,0.4503
"['D2', 'C2']","['S8', 'DK', 'S7']",1100_22_2210_K8722,0.4207
"['D2', 'C2']","['S8', 'DK', 'S6']",1100_22_2210_K8622,0.4204
"['D2', 'C2']","['S8', 'DK', 'S5']",1100_22_2210_K8522,0.4289
"['D2', 'C2']","['S8', 'DK', 'S4']",1100_22_2210_K8422,0.4467
"['D2', 'C2']","['S8', 'DK', 'HK']",1100_22_2111_KK822,0.4619
"['D2', 'C2']","['S8', 'DK', 'DT']",1100_22_3110_KT822,0.4492
"['D2', 'C2']","['S8', 'DK', 'HA']",1100_22_2111_AK822,0.4637
"['D2', 'C2']","['S8', 'DK', 'DQ']",1100_22_3110_KQ822,0.4661
"['D2', 'C2']","['S8', 'DK', 'C8']",1100_22_2210_K8822,0.4645
"['D2', 'C2']","['S8', 'DK', 'H5']",1100_22_2111_K8522,0.4493
"['D2', 'C2']","['S8', 'DK', 'CK']",1100_22_2210_KK822,0.4547
"['D2', 'C2']","['S8', 'DK', 'CA']",1100_22_2210_AK822,0.4669
"['D2', 'C2']","['S8', 'DK', 'HT']",1100_22_2111_KT822,0.4304
"['D2', 'C2']","['S8', 'DK', 'CQ']",1100_22_2210_KQ822,0.4579
"['D2', 'C2']","['S8', 'DK', 'DA']",1100_22_3110_AK822,0.4718
"['D2', 'C2']","['S8', 'DK', 'D4']",1100_22_3110_K8422,0.4638
"['D2', 'C2']","['S8', 'DK', 'CT']",1100_22_2210_KT822,0.4405
"['D2', 'C2']","['S8', 'DK', 'H8']",1100_22_2111_K8822,0.4621
"['D2', 'C2']","['S8', 'DK', 'H2']",1100_22_2111_K8222,0.9689
"['D2', 'C2']","['S8', 'DK', 'H3']",1100_22_2111_K8322,0.4622
"['D2', 'C2']","['S8', 'DK', 'H6']",1100_22_2111_K8622,0.4359
"['D2', 'C2']","['S8', 'DK', 'H7']",1100_22_2111_K8722,0.435
"['D2', 'C2']","['S8', 'DK', 'H4']",1100_22_2111_K8422,0.4629
"['D2', 'C2']","['S8', 'DK', 'D8']",1100_22_3110_K8822,0.4607
"['D2', 'C2']","['S8', 'DK', 'D6']",1100_22_3110_K8622,0.4438
"['D2', 'C2']","['S8', 'DK', 'D7']",1100_22_3110_K8722,0.4396
"['D2', 'C2']","['S8', 'DK', 'D5']",1100_22_3110_K8522,0.4548
"['D2', 'C2']","['S8', 'DK', 'D3']",1100_22_3110_K8322,0.47
"['D2', 'C2']","['S8', 'S3', 'S2']",1100_22_3110_83222,0.8216
"['D2', 'C2']","['S8', 'S3', 'HQ']",1100_22_2111_Q8322,0.4503
"['D2', 'C2']","['S8', 'S3', 'S7']",1100_22_3110_87322,0.3425
"['D2', 'C2']","['S8', 'S3', 'S6']",1100_22_3110_86322,0.3439
"['D2', 'C2']","['S8', 'S3', 'S5']",1100_22_3110_85322,0.3533
"['D2', 'C2']","['S8', 'S3', 'S4']",1100_22_3110_84322,0.3534
"['D2', 'C2']","['S8', 'S3', 'DT']",1100_22_2210_T8322,0.42
"['D2', 'C2']","['S8', 'S3', 'HA']",1100_22_2111_A8322,0.442
"['D2', 'C2']","['S8', 'S3', 'DQ']",1100_22_2210_Q8322,0.4477
"['D2', 'C2']","['S8', 'S3', 'C8']",1100_22_2210_88322,0.4474
"['D2', 'C2']","['S8', 'S3', 'H5']",1100_22_2111_85322,0.4345
"['D2', 'C2']","['S8', 'S3', 'C3']",1100_22_2210_83322,0.4514
"['D2', 'C2']","['S8', 'S3', 'C7']",1100_22_2210_87322,0.4199
"['D2', 'C2']","['S8', 'S3', 'C6']",1100_22_2210_86322,0.432
"['D2', 'C2']","['S8', 'S3', 'C5']",1100_22_2210_85322,0.4259
"['D2', 'C2']","['S8', 'S3', 'C4']",1100_22_2210_84322,0.4432
"['D2', 'C2']","['S8', 'S3', 'CA']",1100_22_2210_A8322,0.436
"['D2', 'C2']","['S8', 'S3', 'HT']",1100_22_2111_T8322,0.4243
"['D2', 'C2']","['S8', 'S3', 'H8']",1100_22_2111_88322,0.447
"['D2', 'C2']","['S8', 'S3', 'H2']",1100_22_2111_83222,0.9353
"['D2', 'C2']","['S8', 'S3', 'H3']",1100_22_2111_83322,0.4373
"['D2', 'C2']","['S8', 'S3', 'SQ']",1100_22_3110_Q8322,0.3508
"['D2', 'C2']","['S8', 'S3', 'H6']",1100_22_2111_86322,0.4321
"['D2', 'C2']","['S8', 'S3', 'H7']",1100_22_2111_87322,0.4059
"['D2', 'C2']","['S8', 'S3', 'H4']",1100_22_2111_84322,0.4401
"['D2', 'C2']","['S8', 'S3', 'ST']",1100_22_3110_T8322,0.3471
"['D2', 'C2']","['S8', 'S3', 'SA']",1100_22_3110_A8322,0.356
"['D2', 'C2']","['S8', 'S2', 'HQ']",1100_22_2111_Q8222,0.9324
"['D2', 'C2']","['S8', 'S2', 'S7']",1100_22_3110_87222,0.8048
"['D2', 'C2']","['S8', 'S2', 'S6']",1100_22_3110_86222,0.7986
"['D2', 'C2']","['S8', 'S2', 'S5']",1100_22_3110_85222,0.8123
"['D2', 'C2']","['S8', 'S2', 'S4']",1100_22_3110_84222,0.8114
"['D2', 'C2']","['S8', 'S2', 'DT']",1100_22_2210_T8222,0.9156
"['D2', 'C2']","['S8', 'S2', 'HA']",1100_22_2111_A8222,0.9425
"['D2', 'C2']","['S8', 'S2', 'DQ']",1100_22_2210_Q8222,0.9341
"['D2', 'C2']","['S8', 'S2', 'C8']",1100_22_2210_88222,0.9472
"['D2', 'C2']","['S8', 'S2', 'H5']",1100_22_2111_85222,0.9142
"['D2', 'C2']","['S8', 'S2', 'C3']",1100_22_2210_83222,0.9336
"['D2', 'C2']","['S8', 'S2', 'C7']",1100_22_2210_87222,0.9084
"['D2', 'C2']","['S8', 'S2', 'C6']",1100_22_2210_86222,0.9099
"['D2', 'C2']","['S8', 'S2', 'C5']",1100_22_2210_85222,0.9218
"['D2', 'C2']","['S8', 'S2', 'C4']",1100_22_2210_84222,0.929
"['D2', 'C2']","['S8', 'S2', 'CA']",1100_22_2210_A8222,0.9463
"['D2', 'C2']","['S8', 'S2', 'HT']",1100_22_2111_T8222,0.9198
"['D2', 'C2']","['S8', 'S2', 'H8']",1100_22_2111_88222,0.9523
"['D2', 'C2']","['S8', 'S2', 'H2']",1100_22_2111_82222,0.9996
"['D2', 'C2']","['S8', 'S2', 'SQ']",1100_22_3110_Q8222,0.821
"['D2', 'C2']","['S8', 'S2', 'H6']",1100_22_2111_86222,0.9066
"['D2', 'C2']","['S8', 'S2', 'H7']",1100_22_2111_87222,0.9077
"['D2', 'C2']","['S8', 'S2', 'H4']",1100_22_2111_84222,0.9255
"['D2', 'C2']","['S8', 'S2', 'ST']",1100_22_3110_T8222,0.8125
"['D2', 'C2']","['S8', 'S2', 'SK']",1100_22_3110_K8222,0.8217
"['D2', 'C2']","['S8', 'S2', 'SJ']",1100_22_3110_J8222,0.8072
"['D2', 'C2']","['S8', 'S2', 'SA']",1100_22_3110_A8222,0.8256
"['D2', 'C2']","['S8', 'HQ', 'S7']",1100_22_2111_Q8722,0.4153
"['D2', 'C2']","['S8', 'HQ', 'S6']",1100_22_2111_Q8622,0.4177
"['D2', 'C2']","['S8', 'HQ', 'S5']",1100_22_2111_Q8522,0.4313
"['D2', 'C2']","['S8', 'HQ', 'S4']",1100_22_2111_Q8422,0.434
"['D2', 'C2']","['S8', 'HQ', 'DT']",1100_22_2111_QT822,0.4135
"['D2', 'C2']","['S8', 'HQ', 'HA']",1100_22_2111_AQ822,0.4305
"['D2', 'C2']","['S8', 'HQ', 'DQ']",1100_22_2111_QQ822,0.4548
"['D2', 'C2']","['S8', 'HQ', 'C8']",1100_22_2111_Q8822,0.4556
"['D2', 'C2']","['S8', 'S7', 'S6']",1100_22_3110_87622,0.2741
"['D2', 'C2']","['S8', 'S7', 'S5']",1100_22_3110_87522,0.2898
"['D2', 'C2']","['S8', 'S7', 'S4']",1100_22_3110_87422,0.3168
"['D2', 'C2']","['S8', 'S7', 'DT']",1100_22_2210_T8722,0.3624
"['D2', 'C2']","['S8', 'S7', 'HA']",1100_22_2111_A8722,0.4178
"['D2', 'C2']","['S8', 'S7', 'DQ']",1100_22_2210_Q8722,0.4163
"['D2', 'C2']","['S8', 'S7', 'C8']",1100_22_2210_88722,0.4128
"['D2', 'C2']","['S8', 'S7', 'H5']",1100_22_2111_87522,0.3622
"['D2', 'C2']","['S8', 'S7', 'C7']",1100_22_2210_87722,0.4144
"['D2', 'C2']","['S8', 'S7', 'C6']",1100_22_2210_87622,0.3341
"['D2', 'C2']","['S8', 'S7', 'C5']",1100_22_2210_87522,0.3758
"['D2', 'C2']","['S8', 'S7', 'C4']",1100_22_2210_87422,0.3996
"['D2', 'C2']","['S8', 'S7', 'CA']",1100_22_2210_A8722,0.4245
"['D2', 'C2']","['S8', 'S7', 'HT']",1100_22_2111_T8722,0.3609
"['D2', 'C2']","['S8', 'S7', 'H8']",1100_22_2111_88722,0.4195
"['D2', 'C2']","['S8', 'S7', 'SQ']",1100_22_3110_Q8722,0.332
"['D2', 'C2']","['S8', 'S7', 'H6']",1100_22_2111_87622,0.3346
"['D2', 'C2']","['S8', 'S7', 'H7']",1100_22_2111_87722,0.4189
"['D2', 'C2']","['S8', 'S7', 'H4']",1100_22_2111_87422,0.3982
"['D2', 'C2']","['S8', 'S7', 'ST']",1100_22_3110_T8722,0.2858
"['D2', 'C2']","['S8', 'S7', 'SA']",1100_22_3110_A8722,0.337
"['D2', 'C2']","['S8', 'S6', 'S5']",1100_22_3110_86522,0.309
"['D2', 'C2']","['S8', 'S6', 'S4']",1100_22_3110_86422,0.323
"['D2', 'C2']","['S8', 'S6', 'DT']",1100_22_2210_T8622,0.3913
"['D2', 'C2']","['S8', 'S6', 'HA']",1100_22_2111_A8622,0.4315
"['D2', 'C2']","['S8', 'S6', 'DQ']",1100_22_2210_Q8622,0.4193
"['D2', 'C2']","['S8', 'S6', 'C8']",1100_22_2210_88622,0.4174
"['D2', 'C2']","['S8', 'S6', 'H5']",1100_22_2111_86522,0.3785
"['D2', 'C2']","['S8', 'S6', 'C6']",1100_22_2210_86622,0.424
"['D2', 'C2']","['S8', 'S6', 'C5']",1100_22_2210_86522,0.3781
"['D2', 'C2']","['S8', 'S6', 'C4']",1100_22_2210_86422,0.4038
"['D2', 'C2']","['S8', 'S6', 'CA']",1100_22_2210_A8622,0.4151
"['D2', 'C2']","['S8', 'S6', 'HT']",1100_22_2111_T8622,0.3894
"['D2', 'C2']","['S8', 'S6', 'H8']",1100_22_2111_88622,0.4325
"['D2', 'C2']","['S8', 'S6', 'SQ']",1100_22_3110_Q8622,0.3403
"['D2', 'C2']","['S8', 'S6', 'H6']",1100_22_2111_86622,0.4182
"['D2', 'C2']","['S8', 'S6', 'H4']",1100_22_2111_86422,0.4073
"['D2', 'C2']","['S8', 'S6', 'ST']",1100_22_3110_T8622,0.3172
"['D2', 'C2']","['S8', 'S6', 'SA']",1100_22_3110_A8622,0.3551
"['D2', 'C2']","['S8', 'S5', 'S4']",1100_22_3110_85422,0.3364
"['D2', 'C2']","['S8', 'S5', 'DT']",1100_22_2210_T8522,0.4153
"['D2', 'C2']","['S8', 'S5', 'HA']",1100_22_2111_A8522,0.4375
"['D2', 'C2']","['S8', 'S5', 'DQ']",1100_22_2210_Q8522,0.4201
"['D2', 'C2']","['S8', 'S5', 'C8']",1100_22_2210_88522,0.4424
"['D2', 'C2']","['S8', 'S5', 'H5']",1100_22_2111_85522,0.4329
"['D2', 'C2']","['S8', 'S5', 'C5']",1100_22_2210_85522,0.4272
"['D2', 'C2']","['S8', 'S5', 'C4']",1100_22_2210_85422,0.4002
"['D2', 'C2']","['S8', 'S5', 'CA']",1100_22_2210_A8522,0.4444
"['D2', 'C2']","['S8', 'S5', 'HT']",1100_22_2111_T8522,0.4125
"['D2', 'C2']","['S8', 'S5', 'H8']",1100_22_2111_88522,0.4363
"['D2', 'C2']","['S8', 'S5', 'SQ']",1100_22_3110_Q8522,0.3436
"['D2', 'C2']","['S8', 'S5', 'H4']",1100_22_2111_85422,0.4016
"['D2', 'C2']","['S8', 'S5', 'ST']",1100_22_3110_T8522,0.3336
"['D2', 'C2']","['S8', 'S5', 'SA']",1100_22_3110_A8522,0.3554
"['D2', 'C2']","['S8', 'S4', 'DT']",1100_22_2210_T8422,0.4208
"['D2', 'C2']","['S8', 'S4', 'HA']",1100_22_2111_A8422,0.4328
"['D2', 'C2']","['S8', 'S4', 'DQ']",1100_22_2210_Q8422,0.4269
"['D2', 'C2']","['S8', 'S4', 'C8']",1100_22_2210_88422,0.4414
"['D2', 'C2']","['S8', 'S4', 'C4']",1100_22_2210_84422,0.4346
"['D2', 'C2']","['S8', 'S4', 'CA']",1100_22_2210_A8422,0.4428
"['D2', 'C2']","['S8', 'S4', 'HT']",1100_22_2111_T8422,0.4015
"['D2', 'C2']","['S8', 'S4', 'H8']",1100_22_2111_88422,0.4396
"['D2', 'C2']","['S8', 'S4', 'SQ']",1100_22_3110_Q8422,0.3513
"['D2', 'C2']","['S8', 'S4', 'H4']",1100_22_2111_84422,0.4429
"['D2', 'C2']","['S8', 'S4', 'ST']",1100_22_3110_T8422,0.3306
"['D2', 'C2']","['S8', 'S4', 'SA']",1100_22_3110_A8422,0.3518
"['D2', 'C2']","['S8', 'DT', 'HA']",1100_22_2111_AT822,0.4361
"['D2', 'C2']","['S8', 'DT', 'DQ']",1100_22_3110_QT822,0.4073
"['D2', 'C2']","['S8', 'DT', 'C8']",1100_22_2210_T8822,0.4333
"['D2', 'C2']","['S8', 'DT', 'CA']",1100_22_2210_AT822,0.431
"['D2', 'C2']","['S8', 'DT', 'HT']",1100_22_2111_TT822,0.4436
"['D2', 'C2']","['S8', 'DT', 'CQ']",1100_22_2210_QT822,0.4078
"['D2', 'C2']","['S8', 'DT', 'DA']",1100_22_3110_AT822,0.4436
"['D2', 'C2']","['S8', 'DT', 'CT']",1100_22_2210_TT822,0.4417
"['D2', 'C2']","['S8', 'DT', 'H8']",1100_22_2111_T8822,0.4359
"['D2', 'C2']","['S8', 'DT', 'D8']",1100_22_3110_T8822,0.4488
"['D2', 'C2']","['S8', 'HA', 'C8']",1100_22_2111_A8822,0.4575
"['D2', 'C2']","['S8', 'HA', 'CA']",1100_22_2111_AA822,0.4675
"['D2', 'C2']","['S8', 'DQ', 'C8']",1100_22_2210_Q8822,0.449
"['D2', 'C2']","['S8', 'DQ', 'CA']",1100_22_2210_AQ822,0.4558
"['D2', 'C2']","['S8', 'DQ', 'CQ']",1100_22_2210_QQ822,0.4701
"['D2', 'C2']","['S8', 'DQ', 'DA']",1100_22_3110_AQ822,0.4572
"['D2', 'C2']","['S8', 'DQ', 'D8']",1100_22_3110_Q8822,0.4588
"['D2', 'C2']","['S8', 'C9', 'C8']",1100_22_3110_98822,0.4391
"['D2', 'C2']","['S8', 'C8', 'C3']",1100_22_3110_88322,0.4599
"['D2', 'C2']","['S8', 'C8', 'C7']",1100_22_3110_88722,0.4368
"['D2', 'C2']","['S8', 'C8', 'C6']",1100_22_3110_88622,0.4387
"['D2', 'C2']","['S8', 'C8', 'C5']",1100_22_3110_88522,0.4495
"['D2', 'C2']","['S8', 'C8', 'C4']",1100_22_3110_88422,0.4553
"['D2', 'C2']","['S8', 'C8', 'CA']",1100_22_3110_A8822,0.4695
"['D2', 'C2']","['S8', 'C8', 'DA']",1100_22_2210_A8822,0.4603
"['D2', 'C2']","['S8', 'C8', 'H8']",1100_22_2111_88822,0.5938
"['D2', 'C2']","['S8', 'C8', 'D8']",1100_22_2210_88822,0.5971
"['D2', 'C2']","['S8', 'CA', 'DA']",1100_22_2210_AA822,0.4651
"['D2', 'C2']","['DJ', 'DK', 'S3']",1100_22_3110_KJ322,0.4638
"['D2', 'C2']","['DJ', 'DK', 'S2']",1100_22_3110_KJ222,0.9391
"['D2', 'C2']","['DJ', 'DK', 'HQ']",1100_22_3110_KQJ22,0.3844
"['D2', 'C2']","['DJ', 'DK', 'S7']",1100_22_3110_KJ722,0.4487
"['D2', 'C2']","['DJ', 'DK', 'S6']",1100_22_3110_KJ622,0.4564
"['D2', 'C2']","['DJ', 'DK', 'S5']",1100_22_3110_KJ522,0.4541
"['D2', 'C2']","['DJ', 'DK', 'S4']",1100_22_3110_KJ422,0.4639
"['D2', 'C2']","['DJ', 'DK', 'HJ']",1100_22_3110_KJJ22,0.4557
"['D2', 'C2']","['DJ', 'DK', 'HK']",1100_22_3110_KKJ22,0.445
"['D2', 'C2']","['DJ', 'DK', 'DT']",1100_22_4100_KJT22,0.4661
"['D2', 'C2']","['DJ', 'DK', 'HA']",1100_22_3110_AKJ22,0.4276
"['D2', 'C2']","['DJ', 'DK', 'DQ']",1100_22_4100_KQJ22,0.4575
"['D2', 'C2']","['DJ', 'DK', 'C9']",1100_22_3200_KJ922,0.4173
"['D2', 'C2']","['DJ', 'DK', 'C8']",1100_22_3200_KJ822,0.4528
"['D2', 'C2']","['DJ', 'DK', 'C3']",1100_22_3200_KJ322,0.4578
"['D2', 'C2']","['DJ', 'DK', 'C7']",1100_22_3200_KJ722,0.4495
"['D2', 'C2']","['DJ', 'DK', 'C6']",1100_22_3200_KJ622,0.4596
"['D2', 'C2']","['DJ', 'DK', 'C5']",1100_22_3200_KJ522,0.4686
"['D2', 'C2']","['DJ', 'DK', 'C4']",1100_22_3200_KJ422,0.4531
"['D2', 'C2']","['DJ', 'DK', 'CK']",1100_22_3200_KKJ22,0.4529
"['D2', 'C2']","['DJ', 'DK', 'CJ']",1100_22_3200_KJJ22,0.4568
"['D2', 'C2']","['DJ', 'DK', 'CA']",1100_22_3200_AKJ22,0.435
"['D2', 'C2']","['DJ', 'DK', 'HT']",1100_22_3110_KJT22,0.3909
"['D2', 'C2']","['DJ', 'DK', 'CQ']",1100_22_3200_KQJ22,0.3904
"['D2', 'C2']","['DJ', 'DK', 'DA']",1100_22_4100_AKJ22,0.4873
"['D2', 'C2']","['DJ', 'DK', 'D4']",1100_22_4100_KJ422,0.5034
"['D2', 'C2']","['DJ', 'DK', 'CT']",1100_22_3200_KJT22,0.392
"['D2', 'C2']","['DJ', 'DK', 'D8']",1100_22_4100_KJ822,0.5002
"['D2', 'C2']","['DJ', 'DK', 'D9']",1100_22_4100_KJ922,0.4819
"['D2', 'C2']","['DJ', 'DK', 'D6']",1100_22_4100_KJ622,0.4995
"['D2', 'C2']","['DJ', 'DK', 'D7']",1100_22_4100_KJ722,0.4917
"['D2', 'C2']","['DJ', 'DK', 'D5']",1100_22_4100_KJ522,0.499
"['D2', 'C2']","['DJ', 'DK', 'D3']",1100_22_4100_KJ322,0.4998
"['D2', 'C2']","['DJ', 'S3', 'S2']",1100_22_2210_J3222,0.942
"['D2', 'C2']","['DJ', 'S3', 'HQ']",1100_22_2111_QJ322,0.451
"['D2', 'C2']","['DJ', 'S3', 'S7']",1100_22_2210_J7322,0.428
"['D2', 'C2']","['DJ', 'S3', 'S6']",1100_22_2210_J6322,0.4458
"['D2', 'C2']","['DJ', 'S3', 'S5']",1100_22_2210_J5322,0.4468
"['D2', 'C2']","['DJ', 'S3', 'S4']",1100_22_2210_J4322,0.4454
"['D2', 'C2']","['DJ', 'S3', 'HJ']",1100_22_2111_JJ322,0.4634
"['D2', 'C2']","['DJ', 'S3', 'HK']",1100_22_2111_KJ322,0.4526
"['D2', 'C2']","['DJ', 'S3', 'DT']",1100_22_3110_JT322,0.4404
"['D2', 'C2']","['DJ', 'S3', 'HA']",1100_22_2111_AJ322,0.4615
"['D2', 'C2']","['DJ', 'S3', 'DQ']",1100_22_3110_QJ322,0.4507
"['D2', 'C2']","['DJ', 'S3', 'H5']",1100_22_2111_J5322,0.4446
"['D2', 'C2']","['DJ', 'S3', 'C3']",1100_22_2210_J3322,0.4622
"['D2', 'C2']","['DJ', 'S3', 'CK']",1100_22_2210_KJ322,0.4459
"['D2', 'C2']","['DJ', 'S3', 'CJ']",1100_22_2210_JJ322,0.4618
"['D2', 'C2']","['DJ', 'S3', 'CA']",1100_22_2210_AJ322,0.4655
"['D2', 'C2']","['DJ', 'S3', 'HT']",1100_22_2111_JT322,0.4315
"['D2', 'C2']","['DJ', 'S3', 'CQ']",1100_22_2210_QJ322,0.4508
"['D2', 'C2']","['DJ', 'S3', 'DA']",1100_22_3110_AJ322,0.4742
"['D2', 'C2']","['DJ', 'S3', 'D4']",1100_22_3110_J4322,0.4711
"['D2', 'C2']","['DJ', 'S3', 'CT']",1100_22_2210_JT322,0.4351
"['D2', 'C2']","['DJ', 'S3', 'H2']",1100_22_2111_J3222,0.96
"['D2', 'C2']","['DJ', 'S3', 'H3']",1100_22_2111_J3322,0.4693
"['D2', 'C2']","['DJ', 'S3', 'H6']",1100_22_2111_J6322,0.4691
"['D2', 'C2']","['DJ', 'S3', 'H7']",1100_22_2111_J7322,0.4457
"['D2', 'C2']","['DJ', 'S3', 'H4']",1100_22_2111_J4322,0.4597
"['D2', 'C2']","['DJ', 'S3', 'D6']",1100_22_3110_J6322,0.4638
"['D2', 'C2']","['DJ', 'S3', 'D7']",1100_22_3110_J7322,0.4577
"['D2', 'C2']","['DJ', 'S3', 'D5']",1100_22_3110_J5322,0.4679
"['D2', 'C2']","['DJ', 'S3', 'D3']",1100_22_3110_J3322,0.4598
"['D2', 'C2']","['DJ', 'S2', 'HQ']",1100_22_2111_QJ222,0.9439
"['D2', 'C2']","['DJ', 'S2', 'S7']",1100_22_2210_J7222,0.9371
"['D2', 'C2']","['DJ', 'S2', 'S6']",1100_22_2210_J6222,0.9353
"['D2', 'C2']","['DJ', 'S2', 'S5']",1100_22_2210_J5222,0.9291
"['D2', 'C2']","['DJ', 'S2', 'S4']",1100_22_2210_J4222,0.9357
"['D2', 'C2']","['DJ', 'S2', 'HJ']",1100_22_2111_JJ222,0.9511
"['D2', 'C2']","['DJ', 'S2', 'HK']",1100_22_2111_KJ222,0.9486
"['D2', 'C2']","['DJ', 'S2', 'DT']",1100_22_3110_JT222,0.9199
"['D2', 'C2']","['DJ', 'S2', 'HA']",1100_22_2111_AJ222,0.958
"['D2', 'C2']","['DJ', 'S2', 'DQ']",1100_22_3110_QJ222,0.927
"['D2', 'C2']","['DJ', 'S2', 'H5']",1100_22_2111_J5222,0.9524
"['D2', 'C2']","['DJ', 'S2', 'CK']",1100_22_2210_KJ222,0.95
"['D2', 'C2']","['DJ', 'S2', 'CJ']",1100_22_2210_JJ222,0.9494
"['D2', 'C2']","['DJ', 'S2', 'CA']",1100_22_2210_AJ222,0.9614
"['D2', 'C2']","['DJ', 'S2', 'HT']",1100_22_2111_JT222,0.9344
"['D2', 'C2']","['DJ', 'S2', 'CQ']",1100_22_2210_QJ222,0.9384
"['D2', 'C2']","['DJ', 'S2', 'DA']",1100_22_3110_AJ222,0.9418
"['D2', 'C2']","['DJ', 'S2', 'D4']",1100_22_3110_J4222,0.9363
"['D2', 'C2']","['DJ', 'S2', 'CT']",1100_22_2210_JT222,0.9316
"['D2', 'C2']","['DJ', 'S2', 'H2']",1100_22_2111_J2222,0.9996
"['D2', 'C2']","['DJ', 'S2', 'H6']",1100_22_2111_J6222,0.9566
"['D2', 'C2']","['DJ', 'S2', 'H7']",1100_22_2111_J7222,0.9604
"['D2', 'C2']","['DJ', 'S2', 'H4']",1100_22_2111_J4222,0.9596
"['D2', 'C2']","['DJ', 'S2', 'D6']",1100_22_3110_J6222,0.9432
"['D2', 'C2']","['DJ', 'S2', 'D7']",1100_22_3110_J7222,0.9373
"['D2', 'C2']","['DJ', 'S2', 'D5']",1100_22_3110_J5222,0.9437
"['D2', 'C2']","['DJ', 'S2', 'D3']",1100_22_3110_J3222,0.9451
"['D2', 'C2']","['DJ', 'HQ', 'S7']",1100_22_2111_QJ722,0.4471
"['D2', 'C2']","['DJ', 'HQ', 'S6']",1100_22_2111_QJ622,0.4496
"['D2', 'C2']","['DJ', 'HQ', 'S5']",1100_22_2111_QJ522,0.4386
"['D2', 'C2']","['DJ', 'HQ', 'S4']",1100_22_2111_QJ422,0.4422
"['D2', 'C2']","['DJ', 'HQ', 'HJ']",1100_22_2210_QJJ22,0.4195
"['D2', 'C2']","['DJ', 'HQ', 'HK']",1100_22_2210_KQJ22,0.3746
"['D2', 'C2']","['DJ', 'HQ', 'DT']",1100_22_3110_QJT22,0.3695
"['D2', 'C2']","['DJ', 'HQ', 'HA']",1100_22_2210_AQJ22,0.4029
"['D2', 'C2']","['DJ', 'HQ', 'DQ']",1100_22_3110_QQJ22,0.4404
"['D2', 'C2']","['DJ', 'HQ', 'H5']",1100_22_2210_QJ522,0.4256
"['D2', 'C2']","['DJ', 'HQ', 'C7']",1100_22_2210_QJ722,0.4397
"['D2', 'C2']","['DJ', 'HQ', 'C6']",1100_22_2210_QJ622,0.4449
"['D2', 'C2']","['DJ', 'HQ', 'C4']",1100_22_2210_QJ422,0.4482
"['D2', 'C2']","['DJ', 'HQ', 'HT']",1100_22_2210_QJT22,0.3402
"['D2', 'C2']","['DJ', 'HQ', 'CQ']",1100_22_2210_QQJ22,0.4455
"['D2', 'C2']","['DJ', 'HQ', 'DA']",1100_22_3110_AQJ22,0.4313
"['D2', 'C2']","['DJ', 'HQ', 'D4']",1100_22_3110_QJ422,0.4571
"['D2', 'C2']","['DJ', 'HQ', 'SQ']",1100_22_2111_QQJ22,0.4379
"['D2', 'C2']","['DJ', 'HQ', 'ST']",1100_22_2111_QJT22,0.3485
"['D2', 'C2']","['DJ', 'HQ', 'SK']",1100_22_2111_KQJ22,0.3816
"['D2', 'C2']","['DJ', 'HQ', 'SJ']",1100_22_2111_QJJ22,0.4409
"['D2', 'C2']","['DJ', 'HQ', 'D6']",1100_22_3110_QJ622,0.4472
"['D2', 'C2']","['DJ', 'HQ', 'D7']",1100_22_3110_QJ722,0.4459
"['D2', 'C2']","['DJ', 'HQ', 'SA']",1100_22_2111_AQJ22,0.4214
"['D2', 'C2']","['DJ', 'HQ', 'D5']",1100_22_3110_QJ522,0.4473
"['D2', 'C2']","['DJ', 'S7', 'S6']",1100_22_2210_J7622,0.4238
"['D2', 'C2']","['DJ', 'S7', 'S5']",1100_22_2210_J7522,0.412
"['D2', 'C2']","['DJ', 'S7', 'S4']",1100_22_2210_J7422,0.4191
"['D2', 'C2']","['DJ', 'S7', 'HJ']",1100_22_2111_JJ722,0.448
"['D2', 'C2']","['DJ', 'S7', 'HK']",1100_22_2111_KJ722,0.4362
"['D2', 'C2']","['DJ', 'S7', 'DT']",1100_22_3110_JT722,0.4091
"['D2', 'C2']","['DJ', 'S7', 'HA']",1100_22_2111_AJ722,0.4611
"['D2', 'C2']","['DJ', 'S7', 'H5']",1100_22_2111_J7522,0.4224
"['D2', 'C2']","['DJ', 'S7', 'C7']",1100_22_2210_J7722,0.4499
"['D2', 'C2']","['DJ', 'S7', 'CK']",1100_22_2210_KJ722,0.4424
"['D2', 'C2']","['DJ', 'S7', 'CJ']",1100_22_2210_JJ722,0.4567
"['D2', 'C2']","['DJ', 'S7', 'CA']",1100_22_2210_AJ722,0.4451
"['D2', 'C2']","['DJ', 'S7', 'HT']",1100_22_2111_JT722,0.4043
"['D2', 'C2']","['DJ', 'S7', 'DA']",1100_22_3110_AJ722,0.448
"['D2', 'C2']","['DJ', 'S7', 'D4']",1100_22_3110_J7422,0.4486
"['D2', 'C2']","['DJ', 'S7', 'CT']",1100_22_2210_JT722,0.4089
"['D2', 'C2']","['DJ', 'S7', 'H6']",1100_22_2111_J7622,0.4303
"['D2', 'C2']","['DJ', 'S7', 'H7']",1100_22_2111_J7722,0.453
"['D2', 'C2']","['DJ', 'S7', 'H4']",1100_22_2111_J7422,0.4375
"['D2', 'C2']","['DJ', 'S7', 'D6']",1100_22_3110_J7622,0.4446
"['D2', 'C2']","['DJ', 'S7', 'D7']",1100_22_3110_J7722,0.4556
"['D2', 'C2']","['DJ', 'S7', 'D5']",1100_22_3110_J7522,0.4433
"['D2', 'C2']","['DJ', 'S6', 'S5']",1100_22_2210_J6522,0.4242
"['D2', 'C2']","['DJ', 'S6', 'S4']",1100_22_2210_J6422,0.4286
"['D2', 'C2']","['DJ', 'S6', 'HJ']",1100_22_2111_JJ622,0.4679
"['D2', 'C2']","['DJ', 'S6', 'HK']",1100_22_2111_KJ622,0.4481
"['D2', 'C2']","['DJ', 'S6', 'DT']",1100_22_3110_JT622,0.4431
"['D2', 'C2']","['DJ', 'S6', 'HA']",1100_22_2111_AJ622,0.454
"['D2', 'C2']","['DJ', 'S6', 'H5']",1100_22_2111_J6522,0.4499
"['D2', 'C2']","['DJ', 'S6', 'C6']",1100_22_2210_J6622,0.4557
"['D2', 'C2']","['DJ', 'S6', 'CK']",1100_22_2210_KJ622,0.4519
"['D2', 'C2']","['DJ', 'S6', 'CJ']",1100_22_2210_JJ622,0.4652
"['D2', 'C2']","['DJ', 'S6', 'CA']",1100_22_2210_AJ622,0.4593
"['D2', 'C2']","['DJ', 'S6', 'HT']",1100_22_2111_JT622,0.4383
"['D2', 'C2']","['DJ', 'S6', 'DA']",1100_22_3110_AJ622,0.4639
"['D2', 'C2']","['DJ', 'S6', 'D4']",1100_22_3110_J6422,0.461
"['D2', 'C2']","['DJ', 'S6', 'CT']",1100_22_2210_JT622,0.4262
"['D2', 'C2']","['DJ', 'S6', 'H6']",1100_22_2111_J6622,0.4655
"['D2', 'C2']","['DJ', 'S6', 'H4']",1100_22_2111_J6422,0.4556
"['D2', 'C2']","['DJ', 'S6', 'D6']",1100_22_3110_J6622,0.462
"['D2', 'C2']","['DJ', 'S6', 'D5']",1100_22_3110_J6522,0.4509
"['D2', 'C2']","['DJ', 'S5', 'S4']",1100_22_2210_J5422,0.4291
"['D2', 'C2']","['DJ', 'S5', 'HJ']",1100_22_2111_JJ522,0.4616
"['D2', 'C2']","['DJ', 'S5', 'HK']",1100_22_2111_KJ522,0.446
"['D2', 'C2']","['DJ', 'S5', 'DT']",1100_22_3110_JT522,0.4356
"['D2', 'C2']","['DJ', 'S5', 'HA']",1100_22_2111_AJ522,0.4534
"['D2', 'C2']","['DJ', 'S5', 'H5']",1100_22_2111_J5522,0.4546
"['D2', 'C2']","['DJ', 'S5', 'C5']",1100_22_2210_J5522,0.462
"['D2', 'C2']","['DJ', 'S5', 'CK']",1100_22_2210_KJ522,0.4515
"['D2', 'C2']","['DJ', 'S5', 'CJ']",1100_22_2210_JJ522,0.4625
"['D2', 'C2']","['DJ', 'S5', 'CA']",1100_22_2210_AJ522,0.4576
"['D2', 'C2']","['DJ', 'S5', 'HT']",1100_22_2111_JT522,0.429
"['D2', 'C2']","['DJ', 'S5', 'DA']",1100_22_3110_AJ522,0.4649
"['D2', 'C2']","['DJ', 'S5', 'D4']",1100_22_3110_J5422,0.4628
"['D2', 'C2']","['DJ', 'S5', 'CT']",1100_22_2210_JT522,0.4313
"['D2', 'C2']","['DJ', 'S5', 'H4']",1100_22_2111_J5422,0.4592
"['D2', 'C2']","['DJ', 'S5', 'D5']",1100_22_3110_J5522,0.4658
"['D2', 'C2']","['DJ', 'S4', 'HJ']",1100_22_2111_JJ422,0.4585
"['D2', 'C2']","['DJ', 'S4', 'HK']",1100_22_2111_KJ422,0.4541
"['D2', 'C2']","['DJ', 'S4', 'DT']",1100_22_3110_JT422,0.4406
"['D2', 'C2']","['DJ', 'S4', 'HA']",1100_22_2111_AJ422,0.4537
"['D2', 'C2']","['DJ', 'S4', 'C4']",1100_22_2210_J4422,0.4638
"['D2', 'C2']","['DJ', 'S4', 'CK']",1100_22_2210_KJ422,0.4498
"['D2', 'C2']","['DJ', 'S4', 'CJ']",1100_22_2210_JJ422,0.4575
"['D2', 'C2']","['DJ', 'S4', 'CA']",1100_22_2210_AJ422,0.4545
"['D2', 'C2']","['DJ', 'S4', 'HT']",1100_22_2111_JT422,0.4413
"['D2', 'C2']","['DJ', 'S4', 'DA']",1100_22_3110_AJ422,0.4729
"['D2', 'C2']","['DJ', 'S4', 'D4']",1100_22_3110_J4422,0.4603
"['D2', 'C2']","['DJ', 'S4', 'CT']",1100_22_2210_JT422,0.4354
"['D2', 'C2']","['DJ', 'S4', 'H4']",1100_22_2111_J4422,0.4633
"['D2', 'C2']","['DJ', 'HJ', 'HK']",1100_22_2210_KJJ22,0.4326
"['D2', 'C2']","['DJ', 'HJ', 'DT']",1100_22_3110_JJT22,0.4411
"['D2', 'C2']","['DJ', 'HJ', 'HA']",1100_22_2210_AJJ22,0.4457
"['D2', 'C2']","['DJ', 'HJ', 'DQ']",1100_22_3110_QJJ22,0.444
"['D2', 'C2']","['DJ', 'HJ', 'CJ']",1100_22_2210_JJJ22,0.5862
"['D2', 'C2']","['DJ', 'HJ', 'HT']",1100_22_2210_JJT22,0.423
"['D2', 'C2']","['DJ', 'HJ', 'DA']",1100_22_3110_AJJ22,0.4653
"['D2', 'C2']","['DJ', 'HJ', 'D4']",1100_22_3110_JJ422,0.4528
"['D2', 'C2']","['DJ', 'HJ', 'ST']",1100_22_2111_JJT22,0.4333
"['D2', 'C2']","['DJ', 'HJ', 'SK']",1100_22_2111_KJJ22,0.4473
"['D2', 'C2']","['DJ', 'HJ', 'SJ']",1100_22_2111_JJJ22,0.5969
"['D2', 'C2']","['DJ', 'HJ', 'D8']",1100_22_3110_JJ822,0.4481
"['D2', 'C2']","['DJ', 'HJ', 'D9']",1100_22_3110_JJ922,0.4413
"['D2', 'C2']","['DJ', 'HJ', 'D6']",1100_22_3110_JJ622,0.457
"['D2', 'C2']","['DJ', 'HJ', 'D7']",1100_22_3110_JJ722,0.4549
"['D2', 'C2']","['DJ', 'HJ', 'SA']",1100_22_2111_AJJ22,0.4621
"['D2', 'C2']","['DJ', 'HJ', 'D5']",1100_22_3110_JJ522,0.4562
"['D2', 'C2']","['DJ', 'HJ', 'D3']",1100_22_3110_JJ322,0.4689
"['D2', 'C2']","['DJ', 'HK', 'HA']",1100_22_2210_AKJ22,0.4033
"['D2', 'C2']","['DJ', 'HK', 'CK']",1100_22_2210_KKJ22,0.4618
"['D2', 'C2']","['DJ', 'HK', 'HT']",1100_22_2210_KJT22,0.3651
"['D2', 'C2']","['DJ', 'HK', 'ST']",1100_22_2111_KJT22,0.3802
"['D2', 'C2']","['DJ', 'HK', 'SK']",1100_22_2111_KKJ22,0.4574
"['D2', 'C2']","['DJ', 'HK', 'SA']",1100_22_2111_AKJ22,0.4297
"['D2', 'C2']","['DJ', 'DT', 'HA']",1100_22_3110_AJT22,0.4239
"['D2', 'C2']","['DJ', 'DT', 'DQ']",1100_22_4100_QJT22,0.4436
"['D2', 'C2']","['DJ', 'DT', 'C9']",1100_22_3200_JT922,0.3677
"['D2', 'C2']","['DJ', 'DT', 'C8']",1100_22_3200_JT822,0.3877
"['D2', 'C2']","['DJ', 'DT', 'C3']",1100_22_3200_JT322,0.4412
"['D2', 'C2']","['DJ', 'DT', 'C7']",1100_22_3200_JT722,0.4177
"['D2', 'C2']","['DJ', 'DT', 'C6']",1100_22_3200_JT622,0.4299
"['D2', 'C2']","['DJ', 'DT', 'C5']",1100_22_3200_JT522,0.4414
"['D2', 'C2']","['DJ', 'DT', 'C4']",1100_22_3200_JT422,0.4387
"['D2', 'C2']","['DJ', 'DT', 'CJ']",1100_22_3200_JJT22,0.4417
"['D2', 'C2']","['DJ', 'DT', 'CA']",1100_22_3200_AJT22,0.4151
"['D2', 'C2']","['DJ', 'DT', 'HT']",1100_22_3110_JTT22,0.4366
"['D2', 'C2']","['DJ', 'DT', 'CQ']",1100_22_3200_QJT22,0.3642
"['D2', 'C2']","['DJ', 'DT', 'DA']",1100_22_4100_AJT22,0.4759
"['D2', 'C2']","['DJ', 'DT', 'D4']",1100_22_4100_JT422,0.4875
"['D2', 'C2']","['DJ', 'DT', 'CT']",1100_22_3200_JTT22,0.439
"['D2', 'C2']","['DJ', 'DT', 'D8']",1100_22_4100_JT822,0.46
"['D2', 'C2']","['DJ', 'DT', 'D9']",1100_22_4100_JT922,0.4364
"['D2', 'C2']","['DJ', 'DT', 'D6']",1100_22_4100_JT622,0.4834
"['D2', 'C2']","['DJ', 'DT', 'D7']",1100_22_4100_JT722,0.4706
"['D2', 'C2']","['DJ', 'DT', 'D5']",1100_22_4100_JT522,0.4947
"['D2', 'C2']","['DJ', 'DT', 'D3']",1100_22_4100_JT322,0.4918
"['D2', 'C2']","['DJ', 'HA', 'CA']",1100_22_2210_AAJ22,0.4614
"['D2', 'C2']","['DJ', 'HA', 'HT']",1100_22_2210_AJT22,0.3986
"['D2', 'C2']","['DJ', 'HA', 'DA']",1100_22_3110_AAJ22,0.4492
"['D2', 'C2']","['DJ', 'HA', 'ST']",1100_22_2111_AJT22,0.4079
"['D2', 'C2']","['DJ', 'HA', 'SA']",1100_22_2111_AAJ22,0.459
"['D2', 'C2']","['DJ', 'DQ', 'C9']",1100_22_3200_QJ922,0.3984
"['D2', 'C2']","['DJ', 'DQ', 'C8']",1100_22_3200_QJ822,0.4254
"['D2', 'C2']","['DJ', 'DQ', 'C3']",1100_22_3200_QJ322,0.4492
"['D2', 'C2']","['DJ', 'DQ', 'C7']",1100_22_3200_QJ722,0.4523
"['D2', 'C2']","['DJ', 'DQ', 'C6']",1100_22_3200_QJ622,0.4513
"['D2', 'C2']","['DJ', 'DQ', 'C5']",1100_22_3200_QJ522,0.4587
"['D2', 'C2']","['DJ', 'DQ', 'C4']",1100_22_3200_QJ422,0.4562
"['D2', 'C2']","['DJ', 'DQ', 'CJ']",1100_22_3200_QJJ22,0.4474
"['D2', 'C2']","['DJ', 'DQ', 'CA']",1100_22_3200_AQJ22,0.4293
"['D2', 'C2']","['DJ', 'DQ', 'CQ']",1100_22_3200_QQJ22,0.4431
"['D2', 'C2']","['DJ', 'DQ', 'DA']",1100_22_4100_AQJ22,0.4818
"['D2', 'C2']","['DJ', 'DQ', 'D4']",1100_22_4100_QJ422,0.4965
"['D2', 'C2']","['DJ', 'DQ', 'D8']",1100_22_4100_QJ822,0.4877
"['D2', 'C2']","['DJ', 'DQ', 'D9']",1100_22_4100_QJ922,0.4629
"['D2', 'C2']","['DJ', 'DQ', 'D6']",1100_22_4100_QJ622,0.4882
"['D2', 'C2']","['DJ', 'DQ', 'D7']",1100_22_4100_QJ722,0.4899
"['D2', 'C2']","['DJ', 'DQ', 'D5']",1100_22_4100_QJ522,0.4946
"['D2', 'C2']","['DJ', 'DQ', 'D3']",1100_22_4100_QJ322,0.5018
"['D2', 'C2']","['DJ', 'C9', 'C8']",1100_22_3200_J9822,0.3896
"['D2', 'C2']","['DJ', 'C9', 'C3']",1100_22_3200_J9322,0.4537
"['D2', 'C2']","['DJ', 'C9', 'C7']",1100_22_3200_J9722,0.4236
"['D2', 'C2']","['DJ', 'C9', 'C6']",1100_22_3200_J9622,0.4423
"['D2', 'C2']","['DJ', 'C9', 'C5']",1100_22_3200_J9522,0.4438
"['D2', 'C2']","['DJ', 'C9', 'C4']",1100_22_3200_J9422,0.4532
"['D2', 'C2']","['DJ', 'C9', 'CJ']",1100_22_3200_JJ922,0.4451
"['D2', 'C2']","['DJ', 'C9', 'CA']",1100_22_3200_AJ922,0.4601
"['D2', 'C2']","['DJ', 'C9', 'D9']",1100_22_3200_J9922,0.446
"['D2', 'C2']","['DJ', 'C8', 'C3']",1100_22_3200_J8322,0.4613
"['D2', 'C2']","['DJ', 'C8', 'C7']",1100_22_3200_J8722,0.4201
"['D2', 'C2']","['DJ', 'C8', 'C6']",1100_22_3200_J8622,0.4368
"['D2', 'C2']","['DJ', 'C8', 'C5']",1100_22_3200_J8522,0.4451
"['D2', 'C2']","['DJ', 'C8', 'C4']",1100_22_3200_J8422,0.4515
"['D2', 'C2']","['DJ', 'C8', 'CJ']",1100_22_3200_JJ822,0.451
"['D2', 'C2']","['DJ', 'C8', 'CA']",1100_22_3200_AJ822,0.4574
"['D2', 'C2']","['DJ', 'C8', 'D8']",1100_22_3200_J8822,0.4415
"['D2', 'C2']","['DJ', 'C3', 'C7']",1100_22_3200_J7322,0.4591
"['D2', 'C2']","['DJ', 'C3', 'C6']",1100_22_3200_J6322,0.4659
"['D2', 'C2']","['DJ', 'C3', 'C5']",1100_22_3200_J5322,0.4624
"['D2', 'C2']","['DJ', 'C3', 'C4']",1100_22_3200_J4322,0.4623
"['D2', 'C2']","['DJ', 'C3', 'CJ']",1100_22_3200_JJ322,0.4626
"['D2', 'C2']","['DJ', 'C3', 'CA']",1100_22_3200_AJ322,0.467
"['D2', 'C2']","['DJ', 'C3', 'D3']",1100_22_3200_J3322,0.4656
"['D2', 'C2']","['DJ', 'C7', 'C6']",1100_22_3200_J7622,0.437
"['D2', 'C2']","['DJ', 'C7', 'C5']",1100_22_3200_J7522,0.4339
"['D2', 'C2']","['DJ', 'C7', 'C4']",1100_22_3200_J7422,0.4623
"['D2', 'C2']","['DJ', 'C7', 'CJ']",1100_22_3200_JJ722,0.4623
"['D2', 'C2']","['DJ', 'C7', 'CA']",1100_22_3200_AJ722,0.4521
"['D2', 'C2']","['DJ', 'C7', 'D7']",1100_22_3200_J7722,0.4537
"['D2', 'C2']","['DJ', 'C6', 'C5']",1100_22_3200_J6522,0.4523
"['D2', 'C2']","['DJ', 'C6', 'C4']",1100_22_3200_J6422,0.4618
"['D2', 'C2']","['DJ', 'C6', 'CJ']",1100_22_3200_JJ622,0.4692
"['D2', 'C2']","['DJ', 'C6', 'CA']",1100_22_3200_AJ622,0.4649
"['D2', 'C2']","['DJ', 'C6', 'D6']",1100_22_3200_J6622,0.457
"['D2', 'C2']","['DJ', 'C5', 'C4']",1100_22_3200_J5422,0.466
"['D2', 'C2']","['DJ', 'C5', 'CJ']",1100_22_3200_JJ522,0.4583
"['D2', 'C2']","['DJ', 'C5', 'CA']",1100_22_3200_AJ522,0.4764
"['D2', 'C2']","['DJ', 'C5', 'D5']",1100_22_3200_J5522,0.4636
"['D2', 'C2']","['DJ', 'C4', 'CJ']",1100_22_3200_JJ422,0.4588
"['D2', 'C2']","['DJ', 'C4', 'CA']",1100_22_3200_AJ422,0.4719
"['D2', 'C2']","['DJ', 'C4', 'D4']",1100_22_3200_J4422,0.468
"['D2', 'C2']","['DJ', 'CJ', 'CA']",1100_22_3200_AJJ22,0.4499
"['D2', 'C2']","['DJ', 'CA', 'DA']",1100_22_3200_AAJ22,0.4573
"['D2', 'C2']","['DJ', 'HT', 'CT']",1100_22_2210_JTT22,0.4331
"['D2', 'C2']","['DJ', 'HT', 'ST']",1100_22_2111_JTT22,0.4347
"['D2', 'C2']","['DJ', 'DA', 'D4']",1100_22_4100_AJ422,0.51
"['D2', 'C2']","['DJ', 'DA', 'D8']",1100_22_4100_AJ822,0.4983
"['D2', 'C2']","['DJ', 'DA', 'D9']",1100_22_4100_AJ922,0.5066
"['D2', 'C2']","['DJ', 'DA', 'D6']",1100_22_4100_AJ622,0.499
"['D2', 'C2']","['DJ', 'DA', 'D7']",1100_22_4100_AJ722,0.5018
"['D2', 'C2']","['DJ', 'DA', 'D5']",1100_22_4100_AJ522,0.5129
"['D2', 'C2']","['DJ', 'DA', 'D3']",1100_22_4100_AJ322,0.5074
"['D2', 'C2']","['DJ', 'D4', 'D8']",1100_22_4100_J8422,0.4906
"['D2', 'C2']","['DJ', 'D4', 'D9']",1100_22_4100_J9422,0.4931
"['D2', 'C2']","['DJ', 'D4', 'D6']",1100_22_4100_J6422,0.499
"['D2', 'C2']","['DJ', 'D4', 'D7']",1100_22_4100_J7422,0.4954
"['D2', 'C2']","['DJ', 'D4', 'D5']",1100_22_4100_J5422,0.506
"['D2', 'C2']","['DJ', 'D4', 'D3']",1100_22_4100_J4322,0.5117
"['D2', 'C2']","['DJ', 'D8', 'D9']",1100_22_4100_J9822,0.4591
"['D2', 'C2']","['DJ', 'D8', 'D6']",1100_22_4100_J8622,0.4988
"['D2', 'C2']","['DJ', 'D8', 'D7']",1100_22_4100_J8722,0.4712
"['D2', 'C2']","['DJ', 'D8', 'D5']",1100_22_4100_J8522,0.4948
"['D2', 'C2']","['DJ', 'D8', 'D3']",1100_22_4100_J8322,0.5035
"['D2', 'C2']","['DJ', 'D9', 'D6']",1100_22_4100_J9622,0.4921
"['D2', 'C2']","['DJ', 'D9', 'D7']",1100_22_4100_J9722,0.481
"['D2', 'C2']","['DJ', 'D9', 'D5']",1100_22_4100_J9522,0.4869
"['D2', 'C2']","['DJ', 'D9', 'D3']",1100_22_4100_J9322,0.4921
"['D2', 'C2']","['DJ', 'D6', 'D7']",1100_22_4100_J7622,0.489
"['D2', 'C2']","['DJ', 'D6', 'D5']",1100_22_4100_J6522,0.502
"['D2', 'C2']","['DJ', 'D6', 'D3']",1100_22_4100_J6322,0.5085
"['D2', 'C2']","['DJ', 'D7', 'D5']",1100_22_4100_J7522,0.4867
"['D2', 'C2']","['DJ', 'D7', 'D3']",1100_22_4100_J7322,0.5028
"['D2', 'C2']","['DJ', 'D5', 'D3']",1100_22_4100_J5322,0.5057
"['D2', 'C2']","['DK', 'S3', 'S2']",1100_22_2210_K3222,0.9387
"['D2', 'C2']","['DK', 'S3', 'HQ']",1100_22_2111_KQ322,0.4538
"['D2', 'C2']","['DK', 'S3', 'S7']",1100_22_2210_K7322,0.4418
"['D2', 'C2']","['DK', 'S3', 'S6']",1100_22_2210_K6322,0.4462
"['D2', 'C2']","['DK', 'S3', 'S5']",1100_22_2210_K5322,0.4452
"['D2', 'C2']","['DK', 'S3', 'S4']",1100_22_2210_K4322,0.4421
"['D2', 'C2']","['DK', 'S3', 'HK']",1100_22_2111_KK322,0.4666
"['D2', 'C2']","['DK', 'S3', 'DT']",1100_22_3110_KT322,0.4522
"['D2', 'C2']","['DK', 'S3', 'HA']",1100_22_2111_AK322,0.4616
"['D2', 'C2']","['DK', 'S3', 'DQ']",1100_22_3110_KQ322,0.4562
"['D2', 'C2']","['DK', 'S3', 'H5']",1100_22_2111_K5322,0.4635
"['D2', 'C2']","['DK', 'S3', 'C3']",1100_22_2210_K3322,0.4723
"['D2', 'C2']","['DK', 'S3', 'CK']",1100_22_2210_KK322,0.4613
"['D2', 'C2']","['DK', 'S3', 'CA']",1100_22_2210_AK322,0.4676
"['D2', 'C2']","['DK', 'S3', 'HT']",1100_22_2111_KT322,0.4521
"['D2', 'C2']","['DK', 'S3', 'CQ']",1100_22_2210_KQ322,0.4458
"['D2', 'C2']","['DK', 'S3', 'DA']",1100_22_3110_AK322,0.4716
"['D2', 'C2']","['DK', 'S3', 'D4']",1100_22_3110_K4322,0.4677
"['D2', 'C2']","['DK', 'S3', 'CT']",1100_22_2210_KT322,0.4509
"['D2', 'C2']","['DK', 'S3', 'H2']",1100_22_2111_K3222,0.9626
"['D2', 'C2']","['DK', 'S3', 'H3']",1100_22_2111_K3322,0.4694
"['D2', 'C2']","['DK', 'S3', 'H6']",1100_22_2111_K6322,0.4697
"['D2', 'C2']","['DK', 'S3', 'H7']",1100_22_2111_K7322,0.4568
"['D2', 'C2']","['DK', 'S3', 'H4']",1100_22_2111_K4322,0.4517
"['D2', 'C2']","['DK', 'S3', 'D6']",1100_22_3110_K6322,0.4685
"['D2', 'C2']","['DK', 'S3', 'D7']",1100_22_3110_K7322,0.4668
"['D2', 'C2']","['DK', 'S3', 'D5']",1100_22_3110_K5322,0.4572
"['D2', 'C2']","['DK', 'S3', 'D3']",1100_22_3110_K3322,0.4671
"['D2', 'C2']","['DK', 'S2', 'HQ']",1100_22_2111_KQ222,0.9538
"['D2', 'C2']","['DK', 'S2', 'S7']",1100_22_2210_K7222,0.9421
"['D2', 'C2']","['DK', 'S2', 'S6']",1100_22_2210_K6222,0.9337
"['D2', 'C2']","['DK', 'S2', 'S5']",1100_22_2210_K5222,0.9426
"['D2', 'C2']","['DK', 'S2', 'S4']",1100_22_2210_K4222,0.9417
"['D2', 'C2']","['DK', 'S2', 'HK']",1100_22_2111_KK222,0.9472
"['D2', 'C2']","['DK', 'S2', 'DT']",1100_22_3110_KT222,0.9364
"['D2', 'C2']","['DK', 'S2', 'HA']",1100_22_2111_AK222,0.9637
"['D2', 'C2']","['DK', 'S2', 'DQ']",1100_22_3110_KQ222,0.9345
"['D2', 'C2']","['DK', 'S2', 'H5']",1100_22_2111_K5222,0.9558
"['D2', 'C2']","['DK', 'S2', 'CK']",1100_22_2210_KK222,0.9497
"['D2', 'C2']","['DK', 'S2', 'CA']",1100_22_2210_AK222,0.9662
"['D2', 'C2']","['DK', 'S2', 'HT']",1100_22_2111_KT222,0.9482
"['D2', 'C2']","['DK', 'S2', 'CQ']",1100_22_2210_KQ222,0.9542
"['D2', 'C2']","['DK', 'S2', 'DA']",1100_22_3110_AK222,0.945
"['D2', 'C2']","['DK', 'S2', 'D4']",1100_22_3110_K4222,0.9426
"['D2', 'C2']","['DK', 'S2', 'CT']",1100_22_2210_KT222,0.9515
"['D2', 'C2']","['DK', 'S2', 'H2']",1100_22_2111_K2222,0.9995
"['D2', 'C2']","['DK', 'S2', 'H6']",1100_22_2111_K6222,0.9604
"['D2', 'C2']","['DK', 'S2', 'H7']",1100_22_2111_K7222,0.9687
"['D2', 'C2']","['DK', 'S2', 'H4']",1100_22_2111_K4222,0.9575
"['D2', 'C2']","['DK', 'S2', 'D6']",1100_22_3110_K6222,0.9385
"['D2', 'C2']","['DK', 'S2', 'D7']",1100_22_3110_K7222,0.9511
"['D2', 'C2']","['DK', 'S2', 'D5']",1100_22_3110_K5222,0.9396
"['D2', 'C2']","['DK', 'S2', 'D3']",1100_22_3110_K3222,0.9413
"['D2', 'C2']","['DK', 'HQ', 'S7']",1100_22_2111_KQ722,0.4441
"['D2', 'C2']","['DK', 'HQ', 'S6']",1100_22_2111_KQ622,0.4489
"['D2', 'C2']","['DK', 'HQ', 'S5']",1100_22_2111_KQ522,0.4547
"['D2', 'C2']","['DK', 'HQ', 'S4']",1100_22_2111_KQ422,0.4527
"['D2', 'C2']","['DK', 'HQ', 'HK']",1100_22_2210_KKQ22,0.4441
"['D2', 'C2']","['DK', 'HQ', 'DT']",1100_22_3110_KQT22,0.4024
"['D2', 'C2']","['DK', 'HQ', 'HA']",1100_22_2210_AKQ22,0.4047
"['D2', 'C2']","['DK', 'HQ', 'DQ']",1100_22_3110_KQQ22,0.4434
"['D2', 'C2']","['DK', 'HQ', 'H5']",1100_22_2210_KQ522,0.4289
"['D2', 'C2']","['DK', 'HQ', 'C7']",1100_22_2210_KQ722,0.4385
"['D2', 'C2']","['DK', 'HQ', 'C6']",1100_22_2210_KQ622,0.4523
"['D2', 'C2']","['DK', 'HQ', 'C4']",1100_22_2210_KQ422,0.4605
"['D2', 'C2']","['DK', 'HQ', 'HT']",1100_22_2210_KQT22,0.3702
"['D2', 'C2']","['DK', 'HQ', 'CQ']",1100_22_2210_KQQ22,0.4549
"['D2', 'C2']","['DK', 'HQ', 'DA']",1100_22_3110_AKQ22,0.4364
"['D2', 'C2']","['DK', 'HQ', 'D4']",1100_22_3110_KQ422,0.4701
"['D2', 'C2']","['DK', 'HQ', 'SQ']",1100_22_2111_KQQ22,0.4561
"['D2', 'C2']","['DK', 'HQ', 'ST']",1100_22_2111_KQT22,0.3868
"['D2', 'C2']","['DK', 'HQ', 'SK']",1100_22_2111_KKQ22,0.4515
"['D2', 'C2']","['DK', 'HQ', 'D6']",1100_22_3110_KQ622,0.4589
"['D2', 'C2']","['DK', 'HQ', 'D7']",1100_22_3110_KQ722,0.455
"['D2', 'C2']","['DK', 'HQ', 'SA']",1100_22_2111_AKQ22,0.4352
"['D2', 'C2']","['DK', 'HQ', 'D5']",1100_22_3110_KQ522,0.4558
"['D2', 'C2']","['DK', 'S7', 'S6']",1100_22_2210_K7622,0.4188
"['D2', 'C2']","['DK', 'S7', 'S5']",1100_22_2210_K7522,0.4214
"['D2', 'C2']","['DK', 'S7', 'S4']",1100_22_2210_K7422,0.4344
"['D2', 'C2']","['DK', 'S7', 'HK']",1100_22_2111_KK722,0.4543
"['D2', 'C2']","['DK', 'S7', 'DT']",1100_22_3110_KT722,0.4412
"['D2', 'C2']","['DK', 'S7', 'HA']",1100_22_2111_AK722,0.4649
"['D2', 'C2']","['DK', 'S7', 'H5']",1100_22_2111_K7522,0.4528
"['D2', 'C2']","['DK', 'S7', 'C7']",1100_22_2210_K7722,0.4555
"['D2', 'C2']","['DK', 'S7', 'CK']",1100_22_2210_KK722,0.4635
"['D2', 'C2']","['DK', 'S7', 'CA']",1100_22_2210_AK722,0.459
"['D2', 'C2']","['DK', 'S7', 'HT']",1100_22_2111_KT722,0.4248
"['D2', 'C2']","['DK', 'S7', 'DA']",1100_22_3110_AK722,0.4654
"['D2', 'C2']","['DK', 'S7', 'D4']",1100_22_3110_K7422,0.4618
"['D2', 'C2']","['DK', 'S7', 'CT']",1100_22_2210_KT722,0.4394
"['D2', 'C2']","['DK', 'S7', 'H6']",1100_22_2111_K7622,0.4359
"['D2', 'C2']","['DK', 'S7', 'H7']",1100_22_2111_K7722,0.4568
"['D2', 'C2']","['DK', 'S7', 'H4']",1100_22_2111_K7422,0.4611
"['D2', 'C2']","['DK', 'S7', 'D6']",1100_22_3110_K7622,0.4386
"['D2', 'C2']","['DK', 'S7', 'D7']",1100_22_3110_K7722,0.4634
"['D2', 'C2']","['DK', 'S7', 'D5']",1100_22_3110_K7522,0.452
"['D2', 'C2']","['DK', 'S6', 'S5']",1100_22_2210_K6522,0.427
"['D2', 'C2']","['DK', 'S6', 'S4']",1100_22_2210_K6422,0.4395
"['D2', 'C2']","['DK', 'S6', 'HK']",1100_22_2111_KK622,0.46
"['D2', 'C2']","['DK', 'S6', 'DT']",1100_22_3110_KT622,0.4497
"['D2', 'C2']","['DK', 'S6', 'HA']",1100_22_2111_AK622,0.4638
"['D2', 'C2']","['DK', 'S6', 'H5']",1100_22_2111_K6522,0.44
"['D2', 'C2']","['DK', 'S6', 'C6']",1100_22_2210_K6622,0.4669
"['D2', 'C2']","['DK', 'S6', 'CK']",1100_22_2210_KK622,0.4538
"['D2', 'C2']","['DK', 'S6', 'CA']",1100_22_2210_AK622,0.4638
"['D2', 'C2']","['DK', 'S6', 'HT']",1100_22_2111_KT622,0.4444
"['D2', 'C2']","['DK', 'S6', 'DA']",1100_22_3110_AK622,0.4645
"['D2', 'C2']","['DK', 'S6', 'D4']",1100_22_3110_K6422,0.4535
"['D2', 'C2']","['DK', 'S6', 'CT']",1100_22_2210_KT622,0.4427
"['D2', 'C2']","['DK', 'S6', 'H6']",1100_22_2111_K6622,0.4572
"['D2', 'C2']","['DK', 'S6', 'H4']",1100_22_2111_K6422,0.453
"['D2', 'C2']","['DK', 'S6', 'D6']",1100_22_3110_K6622,0.462
"['D2', 'C2']","['DK', 'S6', 'D5']",1100_22_3110_K6522,0.4543
"['D2', 'C2']","['DK', 'S5', 'S4']",1100_22_2210_K5422,0.4284
"['D2', 'C2']","['DK', 'S5', 'HK']",1100_22_2111_KK522,0.4605
"['D2', 'C2']","['DK', 'S5', 'DT']",1100_22_3110_KT522,0.4498
"['D2', 'C2']","['DK', 'S5', 'HA']",1100_22_2111_AK522,0.4626
"['D2', 'C2']","['DK', 'S5', 'H5']",1100_22_2111_K5522,0.4644
"['D2', 'C2']","['DK', 'S5', 'C5']",1100_22_2210_K5522,0.4574
"['D2', 'C2']","['DK', 'S5', 'CK']",1100_22_2210_KK522,0.4644
"['D2', 'C2']","['DK', 'S5', 'CA']",1100_22_2210_AK522,0.4581
"['D2', 'C2']","['DK', 'S5', 'HT']",1100_22_2111_KT522,0.4462
"['D2', 'C2']","['DK', 'S5', 'DA']",1100_22_3110_AK522,0.4684
"['D2', 'C2']","['DK', 'S5', 'D4']",1100_22_3110_K5422,0.4576
"['D2', 'C2']","['DK', 'S5', 'CT']",1100_22_2210_KT522,0.4582
"['D2', 'C2']","['DK', 'S5', 'H4']",1100_22_2111_K5422,0.4615
"['D2', 'C2']","['DK', 'S5', 'D5']",1100_22_3110_K5522,0.4593
"['D2', 'C2']","['DK', 'S4', 'HK']",1100_22_2111_KK422,0.466
"['D2', 'C2']","['DK', 'S4', 'DT']",1100_22_3110_KT422,0.4578
"['D2', 'C2']","['DK', 'S4', 'HA']",1100_22_2111_AK422,0.4591
"['D2', 'C2']","['DK', 'S4', 'C4']",1100_22_2210_K4422,0.4685
"['D2', 'C2']","['DK', 'S4', 'CK']",1100_22_2210_KK422,0.4656
"['D2', 'C2']","['DK', 'S4', 'CA']",1100_22_2210_AK422,0.4602
"['D2', 'C2']","['DK', 'S4', 'HT']",1100_22_2111_KT422,0.4463
"['D2', 'C2']","['DK', 'S4', 'DA']",1100_22_3110_AK422,0.4672
"['D2', 'C2']","['DK', 'S4', 'D4']",1100_22_3110_K4422,0.4665
"['D2', 'C2']","['DK', 'S4', 'CT']",1100_22_2210_KT422,0.4484
"['D2', 'C2']","['DK', 'S4', 'H4']",1100_22_2111_K4422,0.4657
"['D2', 'C2']","['DK', 'HK', 'DT']",1100_22_3110_KKT22,0.4493
"['D2', 'C2']","['DK', 'HK', 'HA']",1100_22_2210_AKK22,0.4356
"['D2', 'C2']","['DK', 'HK', 'DQ']",1100_22_3110_KKQ22,0.4539
"['D2', 'C2']","['DK', 'HK', 'CK']",1100_22_2210_KKK22,0.5982
"['D2', 'C2']","['DK', 'HK', 'HT']",1100_22_2210_KKT22,0.4388
"['D2', 'C2']","['DK', 'HK', 'DA']",1100_22_3110_AKK22,0.4519
"['D2', 'C2']","['DK', 'HK', 'D4']",1100_22_3110_KK422,0.4673
"['D2', 'C2']","['DK', 'HK', 'ST']",1100_22_2111_KKT22,0.4518
"['D2', 'C2']","['DK', 'HK', 'SK']",1100_22_2111_KKK22,0.5939
"['D2', 'C2']","['DK', 'HK', 'D8']",1100_22_3110_KK822,0.4686
"['D2', 'C2']","['DK', 'HK', 'D9']",1100_22_3110_KK922,0.4684
"['D2', 'C2']","['DK', 'HK', 'D6']",1100_22_3110_KK622,0.4682
"['D2', 'C2']","['DK', 'HK', 'D7']",1100_22_3110_KK722,0.4669
"['D2', 'C2']","['DK', 'HK', 'SA']",1100_22_2111_AKK22,0.4619
"['D2', 'C2']","['DK', 'HK', 'D5']",1100_22_3110_KK522,0.4574
"['D2', 'C2']","['DK', 'HK', 'D3']",1100_22_3110_KK322,0.4565
"['D2', 'C2']","['DK', 'DT', 'HA']",1100_22_3110_AKT22,0.4372
"['D2', 'C2']","['DK', 'DT', 'DQ']",1100_22_4100_KQT22,0.4653
"['D2', 'C2']","['DK', 'DT', 'C9']",1100_22_3200_KT922,0.4195
"['D2', 'C2']","['DK', 'DT', 'C8']",1100_22_3200_KT822,0.4435
"['D2', 'C2']","['DK', 'DT', 'C3']",1100_22_3200_KT322,0.4617
"['D2', 'C2']","['DK', 'DT', 'C7']",1100_22_3200_KT722,0.4456
"['D2', 'C2']","['DK', 'DT', 'C6']",1100_22_3200_KT622,0.4507
"['D2', 'C2']","['DK', 'DT', 'C5']",1100_22_3200_KT522,0.4528
"['D2', 'C2']","['DK', 'DT', 'C4']",1100_22_3200_KT422,0.4555
"['D2', 'C2']","['DK', 'DT', 'CK']",1100_22_3200_KKT22,0.4417
"['D2', 'C2']","['DK', 'DT', 'CA']",1100_22_3200_AKT22,0.4255
"['D2', 'C2']","['DK', 'DT', 'HT']",1100_22_3110_KTT22,0.455
"['D2', 'C2']","['DK', 'DT', 'CQ']",1100_22_3200_KQT22,0.3933
"['D2', 'C2']","['DK', 'DT', 'DA']",1100_22_4100_AKT22,0.4797
"['D2', 'C2']","['DK', 'DT', 'D4']",1100_22_4100_KT422,0.4927
"['D2', 'C2']","['DK', 'DT', 'CT']",1100_22_3200_KTT22,0.4514
"['D2', 'C2']","['DK', 'DT', 'D8']",1100_22_4100_KT822,0.4864
"['D2', 'C2']","['DK', 'DT', 'D9']",1100_22_4100_KT922,0.4717
"['D2', 'C2']","['DK', 'DT', 'D6']",1100_22_4100_KT622,0.4949
"['D2', 'C2']","['DK', 'DT', 'D7']",1100_22_4100_KT722,0.4865
"['D2', 'C2']","['DK', 'DT', 'D5']",1100_22_4100_KT522,0.5084
"['D2', 'C2']","['DK', 'DT', 'D3']",1100_22_4100_KT322,0.4959
"['D2', 'C2']","['DK', 'HA', 'CA']",1100_22_2210_AAK22,0.453
"['D2', 'C2']","['DK', 'HA', 'HT']",1100_22_2210_AKT22,0.405
"['D2', 'C2']","['DK', 'HA', 'DA']",1100_22_3110_AAK22,0.4651
"['D2', 'C2']","['DK', 'HA', 'ST']",1100_22_2111_AKT22,0.4338
"['D2', 'C2']","['DK', 'HA', 'SA']",1100_22_2111_AAK22,0.4645
"['D2', 'C2']","['DK', 'DQ', 'C9']",1100_22_3200_KQ922,0.4315
"['D2', 'C2']","['DK', 'DQ', 'C8']",1100_22_3200_KQ822,0.4557
"['D2', 'C2']","['DK', 'DQ', 'C3']",1100_22_3200_KQ322,0.4621
"['D2', 'C2']","['DK', 'DQ', 'C7']",1100_22_3200_KQ722,0.4573
"['D2', 'C2']","['DK', 'DQ', 'C6']",1100_22_3200_KQ622,0.4626
"['D2', 'C2']","['DK', 'DQ', 'C5']",1100_22_3200_KQ522,0.454
"['D2', 'C2']","['DK', 'DQ', 'C4']",1100_22_3200_KQ422,0.4646
"['D2', 'C2']","['DK', 'DQ', 'CK']",1100_22_3200_KKQ22,0.4553
"['D2', 'C2']","['DK', 'DQ', 'CA']",1100_22_3200_AKQ22,0.43
"['D2', 'C2']","['DK', 'DQ', 'CQ']",1100_22_3200_KQQ22,0.4561
"['D2', 'C2']","['DK', 'DQ', 'DA']",1100_22_4100_AKQ22,0.4879
"['D2', 'C2']","['DK', 'DQ', 'D4']",1100_22_4100_KQ422,0.506
"['D2', 'C2']","['DK', 'DQ', 'D8']",1100_22_4100_KQ822,0.4946
"['D2', 'C2']","['DK', 'DQ', 'D9']",1100_22_4100_KQ922,0.4832
"['D2', 'C2']","['DK', 'DQ', 'D6']",1100_22_4100_KQ622,0.5021
"['D2', 'C2']","['DK', 'DQ', 'D7']",1100_22_4100_KQ722,0.5044
"['D2', 'C2']","['DK', 'DQ', 'D5']",1100_22_4100_KQ522,0.495
"['D2', 'C2']","['DK', 'DQ', 'D3']",1100_22_4100_KQ322,0.4996
"['D2', 'C2']","['DK', 'C9', 'C8']",1100_22_3200_K9822,0.4439
"['D2', 'C2']","['DK', 'C9', 'C3']",1100_22_3200_K9322,0.4763
"['D2', 'C2']","['DK', 'C9', 'C7']",1100_22_3200_K9722,0.4357
"['D2', 'C2']","['DK', 'C9', 'C6']",1100_22_3200_K9622,0.4462
"['D2', 'C2']","['DK', 'C9', 'C5']",1100_22_3200_K9522,0.455
"['D2', 'C2']","['DK', 'C9', 'C4']",1100_22_3200_K9422,0.4619
"['D2', 'C2']","['DK', 'C9', 'CK']",1100_22_3200_KK922,0.455
"['D2', 'C2']","['DK', 'C9', 'CA']",1100_22_3200_AK922,0.4675
"['D2', 'C2']","['DK', 'C9', 'D9']",1100_22_3200_K9922,0.4617
"['D2', 'C2']","['DK', 'C8', 'C3']",1100_22_3200_K8322,0.4777
"['D2', 'C2']","['DK', 'C8', 'C7']",1100_22_3200_K8722,0.447
"['D2', 'C2']","['DK', 'C8', 'C6']",1100_22_3200_K8622,0.4463
"['D2', 'C2']","['DK', 'C8', 'C5']",1100_22_3200_K8522,0.4577
"['D2', 'C2']","['DK', 'C8', 'C4']",1100_22_3200_K8422,0.4718
"['D2', 'C2']","['DK', 'C8', 'CK']",1100_22_3200_KK822,0.4656
"['D2', 'C2']","['DK', 'C8', 'CA']",1100_22_3200_AK822,0.4627
"['D2', 'C2']","['DK', 'C8', 'D8']",1100_22_3200_K8822,0.47
"['D2', 'C2']","['DK', 'C3', 'C7']",1100_22_3200_K7322,0.4655
"['D2', 'C2']","['DK', 'C3', 'C6']",1100_22_3200_K6322,0.4575
"['D2', 'C2']","['DK', 'C3', 'C5']",1100_22_3200_K5322,0.4703
"['D2', 'C2']","['DK', 'C3', 'C4']",1100_22_3200_K4322,0.4774
"['D2', 'C2']","['DK', 'C3', 'CK']",1100_22_3200_KK322,0.4713
"['D2', 'C2']","['DK', 'C3', 'CA']",1100_22_3200_AK322,0.474
"['D2', 'C2']","['DK', 'C3', 'D3']",1100_22_3200_K3322,0.4708
"['D2', 'C2']","['DK', 'C7', 'C6']",1100_22_3200_K7622,0.4475
"['D2', 'C2']","['DK', 'C7', 'C5']",1100_22_3200_K7522,0.4364
"['D2', 'C2']","['DK', 'C7', 'C4']",1100_22_3200_K7422,0.4666
"['D2', 'C2']","['DK', 'C7', 'CK']",1100_22_3200_KK722,0.4624
"['D2', 'C2']","['DK', 'C7', 'CA']",1100_22_3200_AK722,0.467
"['D2', 'C2']","['DK', 'C7', 'D7']",1100_22_3200_K7722,0.4598
"['D2', 'C2']","['DK', 'C6', 'C5']",1100_22_3200_K6522,0.4464
"['D2', 'C2']","['DK', 'C6', 'C4']",1100_22_3200_K6422,0.455
"['D2', 'C2']","['DK', 'C6', 'CK']",1100_22_3200_KK622,0.4631
"['D2', 'C2']","['DK', 'C6', 'CA']",1100_22_3200_AK622,0.4626
"['D2', 'C2']","['DK', 'C6', 'D6']",1100_22_3200_K6622,0.4615
"['D2', 'C2']","['DK', 'C5', 'C4']",1100_22_3200_K5422,0.4562
"['D2', 'C2']","['DK', 'C5', 'CK']",1100_22_3200_KK522,0.4586
"['D2', 'C2']","['DK', 'C5', 'CA']",1100_22_3200_AK522,0.4631
"['D2', 'C2']","['DK', 'C5', 'D5']",1100_22_3200_K5522,0.4637
"['D2', 'C2']","['DK', 'C4', 'CK']",1100_22_3200_KK422,0.4725
"['D2', 'C2']","['DK', 'C4', 'CA']",1100_22_3200_AK422,0.4647
"['D2', 'C2']","['DK', 'C4', 'D4']",1100_22_3200_K4422,0.466
"['D2', 'C2']","['DK', 'CK', 'CA']",1100_22_3200_AKK22,0.4695
"['D2', 'C2']","['DK', 'CA', 'DA']",1100_22_3200_AAK22,0.4596
"['D2', 'C2']","['DK', 'HT', 'CT']",1100_22_2210_KTT22,0.4471
"['D2', 'C2']","['DK', 'HT', 'ST']",1100_22_2111_KTT22,0.4452
"['D2', 'C2']","['DK', 'DA', 'D4']",1100_22_4100_AK422,0.512
"['D2', 'C2']","['DK', 'DA', 'D8']",1100_22_4100_AK822,0.5118
"['D2', 'C2']","['DK', 'DA', 'D9']",1100_22_4100_AK922,0.5076
"['D2', 'C2']","['DK', 'DA', 'D6']",1100_22_4100_AK622,0.5029
"['D2', 'C2']","['DK', 'DA', 'D7']",1100_22_4100_AK722,0.508
"['D2', 'C2']","['DK', 'DA', 'D5']",1100_22_4100_AK522,0.5118
"['D2', 'C2']","['DK', 'DA', 'D3']",1100_22_4100_AK322,0.5
"['D2', 'C2']","['DK', 'D4', 'D8']",1100_22_4100_K8422,0.5048
"['D2', 'C2']","['DK', 'D4', 'D9']",1100_22_4100_K9422,0.5023
"['D2', 'C2']","['DK', 'D4', 'D6']",1100_22_4100_K6422,0.5038
"['D2', 'C2']","['DK', 'D4', 'D7']",1100_22_4100_K7422,0.4981
"['D2', 'C2']","['DK', 'D4', 'D5']",1100_22_4100_K5422,0.4994
"['D2', 'C2']","['DK', 'D4', 'D3']",1100_22_4100_K4322,0.5078
"['D2', 'C2']","['DK', 'D8', 'D9']",1100_22_4100_K9822,0.5067
"['D2', 'C2']","['DK', 'D8', 'D6']",1100_22_4100_K8622,0.5017
"['D2', 'C2']","['DK', 'D8', 'D7']",1100_22_4100_K8722,0.4908
"['D2', 'C2']","['DK', 'D8', 'D5']",1100_22_4100_K8522,0.4966
"['D2', 'C2']","['DK', 'D8', 'D3']",1100_22_4100_K8322,0.5086
"['D2', 'C2']","['DK', 'D9', 'D6']",1100_22_4100_K9622,0.4927
"['D2', 'C2']","['DK', 'D9', 'D7']",1100_22_4100_K9722,0.4897
"['D2', 'C2']","['DK', 'D9', 'D5']",1100_22_4100_K9522,0.5036
"['D2', 'C2']","['DK', 'D9', 'D3']",1100_22_4100_K9322,0.505
"['D2', 'C2']","['DK', 'D6', 'D7']",1100_22_4100_K7622,0.4991
"['D2', 'C2']","['DK', 'D6', 'D5']",1100_22_4100_K6522,0.4963
"['D2', 'C2']","['DK', 'D6', 'D3']",1100_22_4100_K6322,0.5051
"['D2', 'C2']","['DK', 'D7', 'D5']",1100_22_4100_K7522,0.4945
"['D2', 'C2']","['DK', 'D7', 'D3']",1100_22_4100_K7322,0.5162
"['D2', 'C2']","['DK', 'D5', 'D3']",1100_22_4100_K5322,0.5137
"['D2', 'C2']","['S3', 'S2', 'HQ']",1100_22_2111_Q3222,0.9382
"['D2', 'C2']","['S3', 'S2', 'S7']",1100_22_3110_73222,0.8187
"['D2', 'C2']","['S3', 'S2', 'S6']",1100_22_3110_63222,0.7831
"['D2', 'C2']","['S3', 'S2', 'S5']",1100_22_3110_53222,0.7789
"['D2', 'C2']","['S3', 'S2', 'S4']",1100_22_3110_43222,0.7933
"['D2', 'C2']","['S3', 'S2', 'DT']",1100_22_2210_T3222,0.9351
"['D2', 'C2']","['S3', 'S2', 'HA']",1100_22_2111_A3222,0.939
"['D2', 'C2']","['S3', 'S2', 'DQ']",1100_22_2210_Q3222,0.9371
"['D2', 'C2']","['S3', 'S2', 'H5']",1100_22_2111_53222,0.8892
"['D2', 'C2']","['S3', 'S2', 'C3']",1100_22_2210_33222,0.9469
"['D2', 'C2']","['S3', 'S2', 'C7']",1100_22_2210_73222,0.9398
"['D2', 'C2']","['S3', 'S2', 'C6']",1100_22_2210_63222,0.8936
"['D2', 'C2']","['S3', 'S2', 'C5']",1100_22_2210_53222,0.8995
"['D2', 'C2']","['S3', 'S2', 'C4']",1100_22_2210_43222,0.8977
"['D2', 'C2']","['S3', 'S2', 'CA']",1100_22_2210_A3222,0.9394
"['D2', 'C2']","['S3', 'S2', 'HT']",1100_22_2111_T3222,0.9394
"['D2', 'C2']","['S3', 'S2', 'H2']",1100_22_2111_32222,0.9994
"['D2', 'C2']","['S3', 'S2', 'H3']",1100_22_2111_33222,0.9507
"['D2', 'C2']","['S3', 'S2', 'SQ']",1100_22_3110_Q3222,0.8201
"['D2', 'C2']","['S3', 'S2', 'H6']",1100_22_2111_63222,0.8993
"['D2', 'C2']","['S3', 'S2', 'H7']",1100_22_2111_73222,0.9395
"['D2', 'C2']","['S3', 'S2', 'H4']",1100_22_2111_43222,0.8962
"['D2', 'C2']","['S3', 'S2', 'ST']",1100_22_3110_T3222,0.8187
"['D2', 'C2']","['S3', 'S2', 'SA']",1100_22_3110_A3222,0.8272
"['D2', 'C2']","['S3', 'HQ', 'S7']",1100_22_2111_Q7322,0.4436
"['D2', 'C2']","['S3', 'HQ', 'S6']",1100_22_2111_Q6322,0.4435
"['D2', 'C2']","['S3', 'HQ', 'S5']",1100_22_2111_Q5322,0.4474
"['D2', 'C2']","['S3', 'HQ', 'S4']",1100_22_2111_Q4322,0.442
"['D2', 'C2']","['S3', 'HQ', 'DT']",1100_22_2111_QT322,0.4428
"['D2', 'C2']","['S3', 'HQ', 'HA']",1100_22_2111_AQ322,0.439
"['D2', 'C2']","['S3', 'HQ', 'DQ']",1100_22_2111_QQ322,0.4665
"['D2', 'C2']","['S3', 'HQ', 'C3']",1100_22_2111_Q3322,0.4625
"['D2', 'C2']","['S3', 'S7', 'S6']",1100_22_3110_76322,0.3246
"['D2', 'C2']","['S3', 'S7', 'S5']",1100_22_3110_75322,0.3184
"['D2', 'C2']","['S3', 'S7', 'S4']",1100_22_3110_74322,0.3294
"['D2', 'C2']","['S3', 'S7', 'DT']",1100_22_2210_T7322,0.4196
"['D2', 'C2']","['S3', 'S7', 'HA']",1100_22_2111_A7322,0.4391
"['D2', 'C2']","['S3', 'S7', 'DQ']",1100_22_2210_Q7322,0.4404
"['D2', 'C2']","['S3', 'S7', 'H5']",1100_22_2111_75322,0.3969
"['D2', 'C2']","['S3', 'S7', 'C3']",1100_22_2210_73322,0.4339
"['D2', 'C2']","['S3', 'S7', 'C7']",1100_22_2210_77322,0.442
"['D2', 'C2']","['S3', 'S7', 'C6']",1100_22_2210_76322,0.3865
"['D2', 'C2']","['S3', 'S7', 'C5']",1100_22_2210_75322,0.3948
"['D2', 'C2']","['S3', 'S7', 'C4']",1100_22_2210_74322,0.4028
"['D2', 'C2']","['S3', 'S7', 'CA']",1100_22_2210_A7322,0.4425
"['D2', 'C2']","['S3', 'S7', 'HT']",1100_22_2111_T7322,0.4204
"['D2', 'C2']","['S3', 'S7', 'H3']",1100_22_2111_73322,0.4518
"['D2', 'C2']","['S3', 'S7', 'SQ']",1100_22_3110_Q7322,0.3649
"['D2', 'C2']","['S3', 'S7', 'H6']",1100_22_2111_76322,0.3875
"['D2', 'C2']","['S3', 'S7', 'H7']",1100_22_2111_77322,0.4425
"['D2', 'C2']","['S3', 'S7', 'H4']",1100_22_2111_74322,0.4098
"['D2', 'C2']","['S3', 'S7', 'ST']",1100_22_3110_T7322,0.3471
"['D2', 'C2']","['S3', 'S7', 'SA']",1100_22_3110_A7322,0.3536
"['D2', 'C2']","['S3', 'S6', 'S5']",1100_22_3110_65322,0.3612
"['D2', 'C2']","['S3', 'S6', 'S4']",1100_22_3110_64322,0.3585
"['D2', 'C2']","['S3', 'S6', 'DT']",1100_22_2210_T6322,0.423
"['D2', 'C2']","['S3', 'S6', 'HA']",1100_22_2111_A6322,0.4392
"['D2', 'C2']","['S3', 'S6', 'DQ']",1100_22_2210_Q6322,0.4358
"['D2', 'C2']","['S3', 'S6', 'H5']",1100_22_2111_65322,0.4419
"['D2', 'C2']","['S3', 'S6', 'C3']",1100_22_2210_63322,0.4424
"['D2', 'C2']","['S3', 'S6', 'C6']",1100_22_2210_66322,0.4464
"['D2', 'C2']","['S3', 'S6', 'C5']",1100_22_2210_65322,0.4409
"['D2', 'C2']","['S3', 'S6', 'C4']",1100_22_2210_64322,0.4455
"['D2', 'C2']","['S3', 'S6', 'CA']",1100_22_2210_A6322,0.4411
"['D2', 'C2']","['S3', 'S6', 'HT']",1100_22_2111_T6322,0.4266
"['D2', 'C2']","['S3', 'S6', 'H3']",1100_22_2111_63322,0.4505
"['D2', 'C2']","['S3', 'S6', 'SQ']",1100_22_3110_Q6322,0.3601
"['D2', 'C2']","['S3', 'S6', 'H6']",1100_22_2111_66322,0.4434
"['D2', 'C2']","['S3', 'S6', 'H4']",1100_22_2111_64322,0.4372
"['D2', 'C2']","['S3', 'S6', 'ST']",1100_22_3110_T6322,0.3574
"['D2', 'C2']","['S3', 'S6', 'SA']",1100_22_3110_A6322,0.3627
"['D2', 'C2']","['S3', 'S5', 'S4']",1100_22_3110_54322,0.3738
"['D2', 'C2']","['S3', 'S5', 'DT']",1100_22_2210_T5322,0.4393
"['D2', 'C2']","['S3', 'S5', 'HA']",1100_22_2111_A5322,0.4481
"['D2', 'C2']","['S3', 'S5', 'DQ']",1100_22_2210_Q5322,0.4422
"['D2', 'C2']","['S3', 'S5', 'H5']",1100_22_2111_55322,0.4523
"['D2', 'C2']","['S3', 'S5', 'C3']",1100_22_2210_53322,0.447
"['D2', 'C2']","['S3', 'S5', 'C5']",1100_22_2210_55322,0.4478
"['D2', 'C2']","['S3', 'S5', 'C4']",1100_22_2210_54322,0.4576
"['D2', 'C2']","['S3', 'S5', 'CA']",1100_22_2210_A5322,0.446
"['D2', 'C2']","['S3', 'S5', 'HT']",1100_22_2111_T5322,0.4446
"['D2', 'C2']","['S3', 'S5', 'H3']",1100_22_2111_53322,0.4371
"['D2', 'C2']","['S3', 'S5', 'SQ']",1100_22_3110_Q5322,0.3573
"['D2', 'C2']","['S3', 'S5', 'H4']",1100_22_2111_54322,0.4535
"['D2', 'C2']","['S3', 'S5', 'ST']",1100_22_3110_T5322,0.3655
"['D2', 'C2']","['S3', 'S5', 'SA']",1100_22_3110_A5322,0.3625
"['D2', 'C2']","['S3', 'S4', 'DT']",1100_22_2210_T4322,0.4368
"['D2', 'C2']","['S3', 'S4', 'HA']",1100_22_2111_A4322,0.4423
"['D2', 'C2']","['S3', 'S4', 'DQ']",1100_22_2210_Q4322,0.4413
"['D2', 'C2']","['S3', 'S4', 'C3']",1100_22_2210_43322,0.4432
"['D2', 'C2']","['S3', 'S4', 'C4']",1100_22_2210_44322,0.4388
"['D2', 'C2']","['S3', 'S4', 'CA']",1100_22_2210_A4322,0.4452
"['D2', 'C2']","['S3', 'S4', 'HT']",1100_22_2111_T4322,0.4453
"['D2', 'C2']","['S3', 'S4', 'H3']",1100_22_2111_43322,0.4464
"['D2', 'C2']","['S3', 'S4', 'SQ']",1100_22_3110_Q4322,0.3662
"['D2', 'C2']","['S3', 'S4', 'H4']",1100_22_2111_44322,0.4364
"['D2', 'C2']","['S3', 'S4', 'ST']",1100_22_3110_T4322,0.3605
"['D2', 'C2']","['S3', 'S4', 'SA']",1100_22_3110_A4322,0.3752
"['D2', 'C2']","['S3', 'DT', 'HA']",1100_22_2111_AT322,0.4621
"['D2', 'C2']","['S3', 'DT', 'DQ']",1100_22_3110_QT322,0.4475
"['D2', 'C2']","['S3', 'DT', 'C3']",1100_22_2210_T3322,0.4549
"['D2', 'C2']","['S3', 'DT', 'CA']",1100_22_2210_AT322,0.4558
"['D2', 'C2']","['S3', 'DT', 'HT']",1100_22_2111_TT322,0.4628
"['D2', 'C2']","['S3', 'DT', 'CQ']",1100_22_2210_QT322,0.4422
"['D2', 'C2']","['S3', 'DT', 'DA']",1100_22_3110_AT322,0.4606
"['D2', 'C2']","['S3', 'DT', 'CT']",1100_22_2210_TT322,0.4631
"['D2', 'C2']","['S3', 'DT', 'H3']",1100_22_2111_T3322,0.4647
"['D2', 'C2']","['S3', 'DT', 'D3']",1100_22_3110_T3322,0.454
"['D2', 'C2']","['S3', 'HA', 'C3']",1100_22_2111_A3322,0.465
"['D2', 'C2']","['S3', 'HA', 'CA']",1100_22_2111_AA322,0.4673
"['D2', 'C2']","['S3', 'DQ', 'C3']",1100_22_2210_Q3322,0.4655
"['D2', 'C2']","['S3', 'DQ', 'CA']",1100_22_2210_AQ322,0.4653
"['D2', 'C2']","['S3', 'DQ', 'CQ']",1100_22_2210_QQ322,0.4753
"['D2', 'C2']","['S3', 'DQ', 'DA']",1100_22_3110_AQ322,0.4675
"['D2', 'C2']","['S3', 'DQ', 'D3']",1100_22_3110_Q3322,0.4584
"['D2', 'C2']","['S3', 'C9', 'C3']",1100_22_3110_93322,0.4712
"['D2', 'C2']","['S3', 'C8', 'C3']",1100_22_3110_83322,0.4668
"['D2', 'C2']","['S3', 'C3', 'C7']",1100_22_3110_73322,0.4513
"['D2', 'C2']","['S3', 'C3', 'C6']",1100_22_3110_63322,0.4601
"['D2', 'C2']","['S3', 'C3', 'C5']",1100_22_3110_53322,0.464
"['D2', 'C2']","['S3', 'C3', 'C4']",1100_22_3110_43322,0.4553
"['D2', 'C2']","['S3', 'C3', 'CA']",1100_22_3110_A3322,0.4721
"['D2', 'C2']","['S3', 'C3', 'DA']",1100_22_2210_A3322,0.4667
"['D2', 'C2']","['S3', 'C3', 'H3']",1100_22_2111_33322,0.5899
"['D2', 'C2']","['S3', 'C3', 'D3']",1100_22_2210_33322,0.596
"['D2', 'C2']","['S3', 'CA', 'DA']",1100_22_2210_AA322,0.4671
"['D2', 'C2']","['S2', 'HQ', 'S7']",1100_22_2111_Q7222,0.9465
"['D2', 'C2']","['S2', 'HQ', 'S6']",1100_22_2111_Q6222,0.9359
"['D2', 'C2']","['S2', 'HQ', 'S5']",1100_22_2111_Q5222,0.9385
"['D2', 'C2']","['S2', 'HQ', 'S4']",1100_22_2111_Q4222,0.9343
"['D2', 'C2']","['S2', 'HQ', 'DT']",1100_22_2111_QT222,0.9353
"['D2', 'C2']","['S2', 'HQ', 'HA']",1100_22_2111_AQ222,0.945
"['D2', 'C2']","['S2', 'HQ', 'DQ']",1100_22_2111_QQ222,0.9511
"['D2', 'C2']","['S2', 'HQ', 'H2']",1100_22_2111_Q2222,0.9992
"['D2', 'C2']","['S2', 'S7', 'S6']",1100_22_3110_76222,0.7971
"['D2', 'C2']","['S2', 'S7', 'S5']",1100_22_3110_75222,0.8108
"['D2', 'C2']","['S2', 'S7', 'S4']",1100_22_3110_74222,0.8152
"['D2', 'C2']","['S2', 'S7', 'DT']",1100_22_2210_T7222,0.9281
"['D2', 'C2']","['S2', 'S7', 'HA']",1100_22_2111_A7222,0.9478
"['D2', 'C2']","['S2', 'S7', 'DQ']",1100_22_2210_Q7222,0.9469
"['D2', 'C2']","['S2', 'S7', 'H5']",1100_22_2111_75222,0.9179
"['D2', 'C2']","['S2', 'S7', 'C7']",1100_22_2210_77222,0.9474
"['D2', 'C2']","['S2', 'S7', 'C6']",1100_22_2210_76222,0.9068
"['D2', 'C2']","['S2', 'S7', 'C5']",1100_22_2210_75222,0.9222
"['D2', 'C2']","['S2', 'S7', 'C4']",1100_22_2210_74222,0.9327
"['D2', 'C2']","['S2', 'S7', 'CA']",1100_22_2210_A7222,0.947
"['D2', 'C2']","['S2', 'S7', 'HT']",1100_22_2111_T7222,0.9229
"['D2', 'C2']","['S2', 'S7', 'H2']",1100_22_2111_72222,0.9997
"['D2', 'C2']","['S2', 'S7', 'SQ']",1100_22_3110_Q7222,0.8283
"['D2', 'C2']","['S2', 'S7', 'H6']",1100_22_2111_76222,0.9096
"['D2', 'C2']","['S2', 'S7', 'H7']",1100_22_2111_77222,0.9509
"['D2', 'C2']","['S2', 'S7', 'H4']",1100_22_2111_74222,0.9301
"['D2', 'C2']","['S2', 'S7', 'ST']",1100_22_3110_T7222,0.8138
"['D2', 'C2']","['S2', 'S7', 'SA']",1100_22_3110_A7222,0.8325
"['D2', 'C2']","['S2', 'S6', 'S5']",1100_22_3110_65222,0.7721
"['D2', 'C2']","['S2', 'S6', 'S4']",1100_22_3110_64222,0.7773
"['D2', 'C2']","['S2', 'S6', 'DT']",1100_22_2210_T6222,0.9236
"['D2', 'C2']","['S2', 'S6', 'HA']",1100_22_2111_A6222,0.9398
"['D2', 'C2']","['S2', 'S6', 'DQ']",1100_22_2210_Q6222,0.9333
"['D2', 'C2']","['S2', 'S6', 'H5']",1100_22_2111_65222,0.8757
"['D2', 'C2']","['S2', 'S6', 'C6']",1100_22_2210_66222,0.949
"['D2', 'C2']","['S2', 'S6', 'C5']",1100_22_2210_65222,0.8675
"['D2', 'C2']","['S2', 'S6', 'C4']",1100_22_2210_64222,0.8885
"['D2', 'C2']","['S2', 'S6', 'CA']",1100_22_2210_A6222,0.9385
"['D2', 'C2']","['S2', 'S6', 'HT']",1100_22_2111_T6222,0.9236
"['D2', 'C2']","['S2', 'S6', 'H2']",1100_22_2111_62222,0.9993
"['D2', 'C2']","['S2', 'S6', 'SQ']",1100_22_3110_Q6222,0.8099
"['D2', 'C2']","['S2', 'S6', 'H6']",1100_22_2111_66222,0.9515
"['D2', 'C2']","['S2', 'S6', 'H4']",1100_22_2111_64222,0.8821
"['D2', 'C2']","['S2', 'S6', 'ST']",1100_22_3110_T6222,0.8188
"['D2', 'C2']","['S2', 'S6', 'SA']",1100_22_3110_A6222,0.8256
"['D2', 'C2']","['S2', 'S5', 'S4']",1100_22_3110_54222,0.7813
"['D2', 'C2']","['S2', 'S5', 'DT']",1100_22_2210_T5222,0.9326
"['D2', 'C2']","['S2', 'S5', 'HA']",1100_22_2111_A5222,0.9383
"['D2', 'C2']","['S2', 'S5', 'DQ']",1100_22_2210_Q5222,0.9336
"['D2', 'C2']","['S2', 'S5', 'H5']",1100_22_2111_55222,0.9448
"['D2', 'C2']","['S2', 'S5', 'C5']",1100_22_2210_55222,0.9467
"['D2', 'C2']","['S2', 'S5', 'C4']",1100_22_2210_54222,0.8863
"['D2', 'C2']","['S2', 'S5', 'CA']",1100_22_2210_A5222,0.9417
"['D2', 'C2']","['S2', 'S5', 'HT']",1100_22_2111_T5222,0.9338
"['D2', 'C2']","['S2', 'S5', 'H2']",1100_22_2111_52222,0.9992
"['D2', 'C2']","['S2', 'S5', 'SQ']",1100_22_3110_Q5222,0.8231
"['D2', 'C2']","['S2', 'S5', 'H4']",1100_22_2111_54222,0.8826
"['D2', 'C2']","['S2', 'S5', 'ST']",1100_22_3110_T5222,0.8164
"['D2', 'C2']","['S2', 'S5', 'SA']",1100_22_3110_A5222,0.8221
"['D2', 'C2']","['S2', 'S4', 'DT']",1100_22_2210_T4222,0.9363
"['D2', 'C2']","['S2', 'S4', 'HA']",1100_22_2111_A4222,0.9423
"['D2', 'C2']","['S2', 'S4', 'DQ']",1100_22_2210_Q4222,0.9404
"['D2', 'C2']","['S2', 'S4', 'C4']",1100_22_2210_44222,0.9523
"['D2', 'C2']","['S2', 'S4', 'CA']",1100_22_2210_A4222,0.9398
"['D2', 'C2']","['S2', 'S4', 'HT']",1100_22_2111_T4222,0.9368
"['D2', 'C2']","['S2', 'S4', 'H2']",1100_22_2111_42222,0.9994
"['D2', 'C2']","['S2', 'S4', 'SQ']",1100_22_3110_Q4222,0.8181
"['D2', 'C2']","['S2', 'S4', 'H4']",1100_22_2111_44222,0.9468
"['D2', 'C2']","['S2', 'S4', 'ST']",1100_22_3110_T4222,0.8166
"['D2', 'C2']","['S2', 'S4', 'SA']",1100_22_3110_A4222,0.8315
"['D2', 'C2']","['S2', 'DT', 'HA']",1100_22_2111_AT222,0.9564
"['D2', 'C2']","['S2', 'DT', 'DQ']",1100_22_3110_QT222,0.9281
"['D2', 'C2']","['S2', 'DT', 'CA']",1100_22_2210_AT222,0.961
"['D2', 'C2']","['S2', 'DT', 'HT']",1100_22_2111_TT222,0.9489
"['D2', 'C2']","['S2', 'DT', 'CQ']",1100_22_2210_QT222,0.9374
"['D2', 'C2']","['S2', 'DT', 'DA']",1100_22_3110_AT222,0.9437
"['D2', 'C2']","['S2', 'DT', 'CT']",1100_22_2210_TT222,0.95
"['D2', 'C2']","['S2', 'DT', 'H2']",1100_22_2111_T2222,0.9997
"['D2', 'C2']","['S2', 'HA', 'CA']",1100_22_2111_AA222,0.9519
"['D2', 'C2']","['S2', 'HA', 'H2']",1100_22_2111_A2222,0.9995
"['D2', 'C2']","['S2', 'DQ', 'CA']",1100_22_2210_AQ222,0.9643
"['D2', 'C2']","['S2', 'DQ', 'CQ']",1100_22_2210_QQ222,0.9474
"['D2', 'C2']","['S2', 'DQ', 'DA']",1100_22_3110_AQ222,0.9435
"['D2', 'C2']","['S2', 'CA', 'DA']",1100_22_2210_AA222,0.9497
"['D2', 'C2']","['HQ', 'S7', 'S6']",1100_22_2111_Q7622,0.4125
"['D2', 'C2']","['HQ', 'S7', 'S5']",1100_22_2111_Q7522,0.4253
"['D2', 'C2']","['HQ', 'S7', 'S4']",1100_22_2111_Q7422,0.4291
"['D2', 'C2']","['HQ', 'S7', 'DT']",1100_22_2111_QT722,0.4288
"['D2', 'C2']","['HQ', 'S7', 'HA']",1100_22_2111_AQ722,0.4354
"['D2', 'C2']","['HQ', 'S7', 'DQ']",1100_22_2111_QQ722,0.4582
"['D2', 'C2']","['HQ', 'S7', 'C7']",1100_22_2111_Q7722,0.4683
"['D2', 'C2']","['HQ', 'S6', 'S5']",1100_22_2111_Q6522,0.4277
"['D2', 'C2']","['HQ', 'S6', 'S4']",1100_22_2111_Q6422,0.4364
"['D2', 'C2']","['HQ', 'S6', 'DT']",1100_22_2111_QT622,0.4273
"['D2', 'C2']","['HQ', 'S6', 'HA']",1100_22_2111_AQ622,0.4343
"['D2', 'C2']","['HQ', 'S6', 'DQ']",1100_22_2111_QQ622,0.4597
"['D2', 'C2']","['HQ', 'S6', 'C6']",1100_22_2111_Q6622,0.4565
"['D2', 'C2']","['HQ', 'S5', 'S4']",1100_22_2111_Q5422,0.4321
"['D2', 'C2']","['HQ', 'S5', 'DT']",1100_22_2111_QT522,0.44
"['D2', 'C2']","['HQ', 'S5', 'HA']",1100_22_2111_AQ522,0.4388
"['D2', 'C2']","['HQ', 'S5', 'DQ']",1100_22_2111_QQ522,0.4562
"['D2', 'C2']","['HQ', 'S5', 'H5']",1100_22_2111_Q5522,0.4533
"['D2', 'C2']","['HQ', 'S4', 'DT']",1100_22_2111_QT422,0.4428
"['D2', 'C2']","['HQ', 'S4', 'HA']",1100_22_2111_AQ422,0.4456
"['D2', 'C2']","['HQ', 'S4', 'DQ']",1100_22_2111_QQ422,0.4579
"['D2', 'C2']","['HQ', 'S4', 'C4']",1100_22_2111_Q4422,0.4638
"['D2', 'C2']","['HQ', 'DT', 'HA']",1100_22_2210_AQT22,0.3893
"['D2', 'C2']","['HQ', 'DT', 'DQ']",1100_22_3110_QQT22,0.4374
"['D2', 'C2']","['HQ', 'DT', 'H5']",1100_22_2210_QT522,0.4251
"['D2', 'C2']","['HQ', 'DT', 'C7']",1100_22_2210_QT722,0.4376
"['D2', 'C2']","['HQ', 'DT', 'C6']",1100_22_2210_QT622,0.442
"['D2', 'C2']","['HQ', 'DT', 'C4']",1100_22_2210_QT422,0.4327
"['D2', 'C2']","['HQ', 'DT', 'HT']",1100_22_2210_QTT22,0.4147
"['D2', 'C2']","['HQ', 'DT', 'CQ']",1100_22_2210_QQT22,0.4396
"['D2', 'C2']","['HQ', 'DT', 'DA']",1100_22_3110_AQT22,0.4269
"['D2', 'C2']","['HQ', 'DT', 'D4']",1100_22_3110_QT422,0.444
"['D2', 'C2']","['HQ', 'DT', 'SQ']",1100_22_2111_QQT22,0.4518
"['D2', 'C2']","['HQ', 'DT', 'ST']",1100_22_2111_QTT22,0.4283
"['D2', 'C2']","['HQ', 'DT', 'D6']",1100_22_3110_QT622,0.4438
"['D2', 'C2']","['HQ', 'DT', 'D7']",1100_22_3110_QT722,0.4367
"['D2', 'C2']","['HQ', 'DT', 'SA']",1100_22_2111_AQT22,0.4138
"['D2', 'C2']","['HQ', 'DT', 'D5']",1100_22_3110_QT522,0.445
"['D2', 'C2']","['HQ', 'HA', 'DQ']",1100_22_2210_AQQ22,0.4359
"['D2', 'C2']","['HQ', 'HA', 'H5']",1100_22_3110_AQ522,0.3612
"['D2', 'C2']","['HQ', 'HA', 'C7']",1100_22_2210_AQ722,0.445
"['D2', 'C2']","['HQ', 'HA', 'C6']",1100_22_2210_AQ622,0.4405
"['D2', 'C2']","['HQ', 'HA', 'C5']",1100_22_2210_AQ522,0.4386
"['D2', 'C2']","['HQ', 'HA', 'C4']",1100_22_2210_AQ422,0.4493
"['D2', 'C2']","['HQ', 'HA', 'CA']",1100_22_2210_AAQ22,0.4402
"['D2', 'C2']","['HQ', 'HA', 'SQ']",1100_22_2111_AQQ22,0.4444
"['D2', 'C2']","['HQ', 'HA', 'H6']",1100_22_3110_AQ622,0.3552
"['D2', 'C2']","['HQ', 'HA', 'H7']",1100_22_3110_AQ722,0.3548
"['D2', 'C2']","['HQ', 'HA', 'H4']",1100_22_3110_AQ422,0.3593
"['D2', 'C2']","['HQ', 'HA', 'SA']",1100_22_2111_AAQ22,0.4497
"['D2', 'C2']","['HQ', 'DQ', 'H5']",1100_22_2210_QQ522,0.4457
"['D2', 'C2']","['HQ', 'DQ', 'C7']",1100_22_2210_QQ722,0.4572
"['D2', 'C2']","['HQ', 'DQ', 'C6']",1100_22_2210_QQ622,0.4628
"['D2', 'C2']","['HQ', 'DQ', 'C4']",1100_22_2210_QQ422,0.4619
"['D2', 'C2']","['HQ', 'DQ', 'CQ']",1100_22_2210_QQQ22,0.5911
"['D2', 'C2']","['HQ', 'DQ', 'DA']",1100_22_3110_AQQ22,0.4535
"['D2', 'C2']","['HQ', 'DQ', 'D4']",1100_22_3110_QQ422,0.4668
"['D2', 'C2']","['HQ', 'DQ', 'SQ']",1100_22_2111_QQQ22,0.5915
"['D2', 'C2']","['HQ', 'DQ', 'D8']",1100_22_3110_QQ822,0.4567
"['D2', 'C2']","['HQ', 'DQ', 'D9']",1100_22_3110_QQ922,0.4477
"['D2', 'C2']","['HQ', 'DQ', 'D6']",1100_22_3110_QQ622,0.4628
"['D2', 'C2']","['HQ', 'DQ', 'D7']",1100_22_3110_QQ722,0.4626
